2026-05-01 17:53:07,681 [INFO] ================================================================================
2026-05-01 17:53:07,681 [INFO] 🚀 V7P3R AI 48-Hour Training Orchestrator
2026-05-01 17:53:07,682 [INFO] ================================================================================
2026-05-01 17:53:07,682 [INFO] Start time: 2026-05-01 17:53:07.681151
2026-05-01 17:53:07,682 [INFO] Target duration: 2 days, 0:00:00
2026-05-01 17:53:07,682 [INFO] Auto-recover: True
2026-05-01 17:53:07,683 [INFO] TensorBoard: True
2026-05-01 17:53:07,683 [INFO] ================================================================================
2026-05-01 17:53:07,684 [INFO] 📊 TensorBoard started on http://0.0.0.0:6006
2026-05-01 17:53:07,685 [INFO] 🚀 Starting phase1_endgame_puzzles: Endgame expansion + themed puzzles
2026-05-01 17:53:07,686 [WARNING] Data source not found: endgame_pgns
2026-05-01 17:53:07,686 [INFO] Required data not available, running extraction...
2026-05-01 17:53:07,686 [INFO] Running data extraction for phase1_endgame_puzzles...
2026-05-01 17:53:07,686 [WARNING] Extraction script not found: scripts/extract_endgame_positions.py
2026-05-01 17:53:07,686 [WARNING] Extraction script not found: scripts/extract_themed_puzzles.py
2026-05-01 17:53:07,688 [INFO] Running training (attempt 1/3)...
2026-05-01 17:53:07,688 [INFO] Command: python scripts/train_move_ordering.py --data-path data/training_data_v5.0.json --checkpoint-dir models/phase1_endgame_puzzles --num-epochs 50 --batch-size 128 --learning-rate 5e-4 --gradient-accumulation 2 --num-workers 8 --use-amp
2026-05-01 17:53:09,222 [ERROR] Training exited with code 2
2026-05-01 17:53:09,224 [INFO] Retrying in 120s...
2026-05-01 17:53:47,838 [WARNING] Received signal 15, initiating graceful shutdown...
2026-05-01 17:55:20,296 [INFO] ================================================================================
2026-05-01 17:55:20,297 [INFO] 🚀 V7P3R AI 48-Hour Training Orchestrator
2026-05-01 17:55:20,297 [INFO] ================================================================================
2026-05-01 17:55:20,298 [INFO] Start time: 2026-05-01 17:55:20.295771
2026-05-01 17:55:20,298 [INFO] Target duration: 2 days, 0:00:00
2026-05-01 17:55:20,298 [INFO] Auto-recover: True
2026-05-01 17:55:20,299 [INFO] TensorBoard: True
2026-05-01 17:55:20,299 [INFO] ================================================================================
2026-05-01 17:55:20,300 [INFO] 📊 TensorBoard started on http://0.0.0.0:6006
2026-05-01 17:55:20,302 [INFO] 🚀 Starting phase1_endgame_puzzles: Endgame expansion + themed puzzles
2026-05-01 17:55:20,303 [WARNING] Data source not found: endgame_pgns
2026-05-01 17:55:20,303 [INFO] Required data not available, running extraction...
2026-05-01 17:55:20,304 [INFO] Running data extraction for phase1_endgame_puzzles...
2026-05-01 17:55:20,304 [WARNING] Extraction script not found: scripts/extract_endgame_positions.py
2026-05-01 17:55:20,305 [WARNING] Extraction script not found: scripts/extract_themed_puzzles.py
2026-05-01 17:55:20,307 [INFO] Running training (attempt 1/3)...
2026-05-01 17:55:20,307 [INFO] Command: python scripts/train_move_ordering.py --data-path data/training_data_v5.0.json --checkpoint-dir models/phase1_endgame_puzzles --num-epochs 50 --batch-size 128 --learning-rate 5e-4 --gradient-accumulation 2 --num-workers 8 --use-amp
2026-05-01 17:55:22,887 [ERROR] Training exited with code 2
2026-05-01 17:55:22,888 [INFO] Retrying in 120s...
2026-05-01 17:57:22,965 [INFO] Running training (attempt 2/3)...
2026-05-01 17:57:22,966 [INFO] Command: python scripts/train_move_ordering.py --data-path data/training_data_v5.0.json --checkpoint-dir models/phase1_endgame_puzzles --num-epochs 50 --batch-size 128 --learning-rate 5e-4 --gradient-accumulation 2 --num-workers 8 --use-amp
2026-05-01 17:57:24,622 [ERROR] Training exited with code 2
2026-05-01 17:57:24,623 [INFO] Retrying in 240s...
2026-05-01 18:01:24,656 [INFO] Running training (attempt 3/3)...
2026-05-01 18:01:24,656 [INFO] Command: python scripts/train_move_ordering.py --data-path data/training_data_v5.0.json --checkpoint-dir models/phase1_endgame_puzzles --num-epochs 50 --batch-size 128 --learning-rate 5e-4 --gradient-accumulation 2 --num-workers 8 --use-amp
2026-05-01 18:01:27,179 [ERROR] Training exited with code 2
2026-05-01 18:01:27,180 [ERROR] ❌ phase1_endgame_puzzles failed after 3 attempts
2026-05-01 18:01:27,180 [ERROR] Phase phase1_endgame_puzzles failed, stopping orchestration
2026-05-01 18:01:27,181 [INFO] ================================================================================
2026-05-01 18:01:27,181 [INFO] 📋 Training Summary
2026-05-01 18:01:27,182 [INFO] ================================================================================
2026-05-01 18:01:27,182 [INFO] Completed phases: 0/4
2026-05-01 18:01:27,182 [INFO] Total time: 0:06:06.886977
2026-05-01 18:01:27,182 [INFO]   phase1_endgame_puzzles (v5.0): ❌ INCOMPLETE
2026-05-01 18:01:27,183 [INFO]   phase2_opening_theory (v5.1): ❌ INCOMPLETE
2026-05-01 18:01:27,183 [INFO]   phase3_master_games (v5.2): ❌ INCOMPLETE
2026-05-01 18:01:27,183 [INFO]   phase4_positional (v5.3): ❌ INCOMPLETE
2026-05-01 18:01:27,184 [INFO] ================================================================================
2026-05-01 18:01:27,184 [WARNING] ⚠️  Some phases incomplete
2026-05-01 18:01:27,915 [INFO] ================================================================================
2026-05-01 18:01:27,915 [INFO] 🚀 V7P3R AI 48-Hour Training Orchestrator
2026-05-01 18:01:27,915 [INFO] ================================================================================
2026-05-01 18:01:27,916 [INFO] Start time: 2026-05-01 18:01:27.915012
2026-05-01 18:01:27,916 [INFO] Target duration: 2 days, 0:00:00
2026-05-01 18:01:27,917 [INFO] Auto-recover: True
2026-05-01 18:01:27,917 [INFO] TensorBoard: True
2026-05-01 18:01:27,917 [INFO] ================================================================================
2026-05-01 18:01:27,919 [INFO] 📊 TensorBoard started on http://0.0.0.0:6006
2026-05-01 18:01:27,919 [INFO] Loaded state: Phase 0
2026-05-01 18:01:27,919 [INFO] 🚀 Starting phase1_endgame_puzzles: Endgame expansion + themed puzzles
2026-05-01 18:01:27,920 [WARNING] Data source not found: endgame_pgns
2026-05-01 18:01:27,920 [INFO] Required data not available, running extraction...
2026-05-01 18:01:27,921 [INFO] Running data extraction for phase1_endgame_puzzles...
2026-05-01 18:01:27,921 [WARNING] Extraction script not found: scripts/extract_endgame_positions.py
2026-05-01 18:01:27,921 [WARNING] Extraction script not found: scripts/extract_themed_puzzles.py
2026-05-01 18:01:27,923 [ERROR] ❌ phase1_endgame_puzzles failed after 3 attempts
2026-05-01 18:01:27,923 [ERROR] Phase phase1_endgame_puzzles failed, stopping orchestration
2026-05-01 18:01:27,924 [INFO] ================================================================================
2026-05-01 18:01:27,924 [INFO] 📋 Training Summary
2026-05-01 18:01:27,924 [INFO] ================================================================================
2026-05-01 18:01:27,924 [INFO] Completed phases: 0/4
2026-05-01 18:01:27,925 [INFO] Total time: 0:00:00.010058
2026-05-01 18:01:27,925 [INFO]   phase1_endgame_puzzles (v5.0): ❌ INCOMPLETE
2026-05-01 18:01:27,925 [INFO]   phase2_opening_theory (v5.1): ❌ INCOMPLETE
2026-05-01 18:01:27,925 [INFO]   phase3_master_games (v5.2): ❌ INCOMPLETE
2026-05-01 18:01:27,925 [INFO]   phase4_positional (v5.3): ❌ INCOMPLETE
2026-05-01 18:01:27,925 [INFO] ================================================================================
2026-05-01 18:01:27,926 [WARNING] ⚠️  Some phases incomplete
2026-05-01 18:01:28,586 [INFO] ================================================================================
2026-05-01 18:01:28,586 [INFO] 🚀 V7P3R AI 48-Hour Training Orchestrator
2026-05-01 18:01:28,587 [INFO] ================================================================================
2026-05-01 18:01:28,587 [INFO] Start time: 2026-05-01 18:01:28.585884
2026-05-01 18:01:28,588 [INFO] Target duration: 2 days, 0:00:00
2026-05-01 18:01:28,588 [INFO] Auto-recover: True
2026-05-01 18:01:28,588 [INFO] TensorBoard: True
2026-05-01 18:01:28,589 [INFO] ================================================================================
2026-05-01 18:01:28,591 [INFO] 📊 TensorBoard started on http://0.0.0.0:6006
2026-05-01 18:01:28,591 [INFO] Loaded state: Phase 0
2026-05-01 18:01:28,592 [INFO] 🚀 Starting phase1_endgame_puzzles: Endgame expansion + themed puzzles
2026-05-01 18:01:28,593 [WARNING] Data source not found: endgame_pgns
2026-05-01 18:01:28,593 [INFO] Required data not available, running extraction...
2026-05-01 18:01:28,593 [INFO] Running data extraction for phase1_endgame_puzzles...
2026-05-01 18:01:28,594 [WARNING] Extraction script not found: scripts/extract_endgame_positions.py
2026-05-01 18:01:28,594 [WARNING] Extraction script not found: scripts/extract_themed_puzzles.py
2026-05-01 18:01:28,595 [ERROR] ❌ phase1_endgame_puzzles failed after 3 attempts
2026-05-01 18:01:28,596 [ERROR] Phase phase1_endgame_puzzles failed, stopping orchestration
2026-05-01 18:01:28,596 [INFO] ================================================================================
2026-05-01 18:01:28,596 [INFO] 📋 Training Summary
2026-05-01 18:01:28,597 [INFO] ================================================================================
2026-05-01 18:01:28,597 [INFO] Completed phases: 0/4
2026-05-01 18:01:28,597 [INFO] Total time: 0:00:00.011469
2026-05-01 18:01:28,597 [INFO]   phase1_endgame_puzzles (v5.0): ❌ INCOMPLETE
2026-05-01 18:01:28,597 [INFO]   phase2_opening_theory (v5.1): ❌ INCOMPLETE
2026-05-01 18:01:28,597 [INFO]   phase3_master_games (v5.2): ❌ INCOMPLETE
2026-05-01 18:01:28,598 [INFO]   phase4_positional (v5.3): ❌ INCOMPLETE
2026-05-01 18:01:28,598 [INFO] ================================================================================
2026-05-01 18:01:28,598 [WARNING] ⚠️  Some phases incomplete
2026-05-01 18:01:29,417 [INFO] ================================================================================
2026-05-01 18:01:29,418 [INFO] 🚀 V7P3R AI 48-Hour Training Orchestrator
2026-05-01 18:01:29,418 [INFO] ================================================================================
2026-05-01 18:01:29,419 [INFO] Start time: 2026-05-01 18:01:29.417744
2026-05-01 18:01:29,419 [INFO] Target duration: 2 days, 0:00:00
2026-05-01 18:01:29,419 [INFO] Auto-recover: True
2026-05-01 18:01:29,419 [INFO] TensorBoard: True
2026-05-01 18:01:29,420 [INFO] ================================================================================
2026-05-01 18:01:29,421 [INFO] 📊 TensorBoard started on http://0.0.0.0:6006
2026-05-01 18:01:29,421 [INFO] Loaded state: Phase 0
2026-05-01 18:01:29,422 [INFO] 🚀 Starting phase1_endgame_puzzles: Endgame expansion + themed puzzles
2026-05-01 18:01:29,423 [WARNING] Data source not found: endgame_pgns
2026-05-01 18:01:29,423 [INFO] Required data not available, running extraction...
2026-05-01 18:01:29,423 [INFO] Running data extraction for phase1_endgame_puzzles...
2026-05-01 18:01:29,424 [WARNING] Extraction script not found: scripts/extract_endgame_positions.py
2026-05-01 18:01:29,424 [WARNING] Extraction script not found: scripts/extract_themed_puzzles.py
2026-05-01 18:01:29,426 [ERROR] ❌ phase1_endgame_puzzles failed after 3 attempts
2026-05-01 18:01:29,426 [ERROR] Phase phase1_endgame_puzzles failed, stopping orchestration
2026-05-01 18:01:29,426 [INFO] ================================================================================
2026-05-01 18:01:29,426 [INFO] 📋 Training Summary
2026-05-01 18:01:29,427 [INFO] ================================================================================
2026-05-01 18:01:29,427 [INFO] Completed phases: 0/4
2026-05-01 18:01:29,427 [INFO] Total time: 0:00:00.009840
2026-05-01 18:01:29,427 [INFO]   phase1_endgame_puzzles (v5.0): ❌ INCOMPLETE
2026-05-01 18:01:29,427 [INFO]   phase2_opening_theory (v5.1): ❌ INCOMPLETE
2026-05-01 18:01:29,428 [INFO]   phase3_master_games (v5.2): ❌ INCOMPLETE
2026-05-01 18:01:29,428 [INFO]   phase4_positional (v5.3): ❌ INCOMPLETE
2026-05-01 18:01:29,438 [INFO] ================================================================================
2026-05-01 18:01:29,438 [WARNING] ⚠️  Some phases incomplete
2026-05-01 18:01:30,655 [INFO] ================================================================================
2026-05-01 18:01:30,656 [INFO] 🚀 V7P3R AI 48-Hour Training Orchestrator
2026-05-01 18:01:30,656 [INFO] ================================================================================
2026-05-01 18:01:30,656 [INFO] Start time: 2026-05-01 18:01:30.655562
2026-05-01 18:01:30,657 [INFO] Target duration: 2 days, 0:00:00
2026-05-01 18:01:30,657 [INFO] Auto-recover: True
2026-05-01 18:01:30,657 [INFO] TensorBoard: True
2026-05-01 18:01:30,657 [INFO] ================================================================================
2026-05-01 18:01:30,658 [INFO] 📊 TensorBoard started on http://0.0.0.0:6006
2026-05-01 18:01:30,659 [INFO] Loaded state: Phase 0
2026-05-01 18:01:30,659 [INFO] 🚀 Starting phase1_endgame_puzzles: Endgame expansion + themed puzzles
2026-05-01 18:01:30,660 [WARNING] Data source not found: endgame_pgns
2026-05-01 18:01:30,660 [INFO] Required data not available, running extraction...
2026-05-01 18:01:30,660 [INFO] Running data extraction for phase1_endgame_puzzles...
2026-05-01 18:01:30,660 [WARNING] Extraction script not found: scripts/extract_endgame_positions.py
2026-05-01 18:01:30,661 [WARNING] Extraction script not found: scripts/extract_themed_puzzles.py
2026-05-01 18:01:30,662 [ERROR] ❌ phase1_endgame_puzzles failed after 3 attempts
2026-05-01 18:01:30,662 [ERROR] Phase phase1_endgame_puzzles failed, stopping orchestration
2026-05-01 18:01:30,662 [INFO] ================================================================================
2026-05-01 18:01:30,662 [INFO] 📋 Training Summary
2026-05-01 18:01:30,662 [INFO] ================================================================================
2026-05-01 18:01:30,663 [INFO] Completed phases: 0/4
2026-05-01 18:01:30,663 [INFO] Total time: 0:00:00.007674
2026-05-01 18:01:30,663 [INFO]   phase1_endgame_puzzles (v5.0): ❌ INCOMPLETE
2026-05-01 18:01:30,663 [INFO]   phase2_opening_theory (v5.1): ❌ INCOMPLETE
2026-05-01 18:01:30,663 [INFO]   phase3_master_games (v5.2): ❌ INCOMPLETE
2026-05-01 18:01:30,663 [INFO]   phase4_positional (v5.3): ❌ INCOMPLETE
2026-05-01 18:01:30,664 [INFO] ================================================================================
2026-05-01 18:01:30,664 [WARNING] ⚠️  Some phases incomplete
2026-05-01 18:01:32,678 [INFO] ================================================================================
2026-05-01 18:01:32,678 [INFO] 🚀 V7P3R AI 48-Hour Training Orchestrator
2026-05-01 18:01:32,679 [INFO] ================================================================================
2026-05-01 18:01:32,679 [INFO] Start time: 2026-05-01 18:01:32.677961
2026-05-01 18:01:32,679 [INFO] Target duration: 2 days, 0:00:00
2026-05-01 18:01:32,680 [INFO] Auto-recover: True
2026-05-01 18:01:32,680 [INFO] TensorBoard: True
2026-05-01 18:01:32,681 [INFO] ================================================================================
2026-05-01 18:01:32,682 [INFO] 📊 TensorBoard started on http://0.0.0.0:6006
2026-05-01 18:01:32,682 [INFO] Loaded state: Phase 0
2026-05-01 18:01:32,683 [INFO] 🚀 Starting phase1_endgame_puzzles: Endgame expansion + themed puzzles
2026-05-01 18:01:32,683 [WARNING] Data source not found: endgame_pgns
2026-05-01 18:01:32,683 [INFO] Required data not available, running extraction...
2026-05-01 18:01:32,684 [INFO] Running data extraction for phase1_endgame_puzzles...
2026-05-01 18:01:32,684 [WARNING] Extraction script not found: scripts/extract_endgame_positions.py
2026-05-01 18:01:32,684 [WARNING] Extraction script not found: scripts/extract_themed_puzzles.py
2026-05-01 18:01:32,686 [ERROR] ❌ phase1_endgame_puzzles failed after 3 attempts
2026-05-01 18:01:32,687 [ERROR] Phase phase1_endgame_puzzles failed, stopping orchestration
2026-05-01 18:01:32,687 [INFO] ================================================================================
2026-05-01 18:01:32,688 [INFO] 📋 Training Summary
2026-05-01 18:01:32,689 [INFO] ================================================================================
2026-05-01 18:01:32,689 [INFO] Completed phases: 0/4
2026-05-01 18:01:32,689 [INFO] Total time: 0:00:00.011862
2026-05-01 18:01:32,690 [INFO]   phase1_endgame_puzzles (v5.0): ❌ INCOMPLETE
2026-05-01 18:01:32,690 [INFO]   phase2_opening_theory (v5.1): ❌ INCOMPLETE
2026-05-01 18:01:32,690 [INFO]   phase3_master_games (v5.2): ❌ INCOMPLETE
2026-05-01 18:01:32,690 [INFO]   phase4_positional (v5.3): ❌ INCOMPLETE
2026-05-01 18:01:32,691 [INFO] ================================================================================
2026-05-01 18:01:32,691 [WARNING] ⚠️  Some phases incomplete
2026-05-01 18:01:36,328 [INFO] ================================================================================
2026-05-01 18:01:36,329 [INFO] 🚀 V7P3R AI 48-Hour Training Orchestrator
2026-05-01 18:01:36,329 [INFO] ================================================================================
2026-05-01 18:01:36,330 [INFO] Start time: 2026-05-01 18:01:36.328093
2026-05-01 18:01:36,330 [INFO] Target duration: 2 days, 0:00:00
2026-05-01 18:01:36,331 [INFO] Auto-recover: True
2026-05-01 18:01:36,331 [INFO] TensorBoard: True
2026-05-01 18:01:36,331 [INFO] ================================================================================
2026-05-01 18:01:36,332 [INFO] 📊 TensorBoard started on http://0.0.0.0:6006
2026-05-01 18:01:36,332 [INFO] Loaded state: Phase 0
2026-05-01 18:01:36,333 [INFO] 🚀 Starting phase1_endgame_puzzles: Endgame expansion + themed puzzles
2026-05-01 18:01:36,334 [WARNING] Data source not found: endgame_pgns
2026-05-01 18:01:36,334 [INFO] Required data not available, running extraction...
2026-05-01 18:01:36,334 [INFO] Running data extraction for phase1_endgame_puzzles...
2026-05-01 18:01:36,335 [WARNING] Extraction script not found: scripts/extract_endgame_positions.py
2026-05-01 18:01:36,335 [WARNING] Extraction script not found: scripts/extract_themed_puzzles.py
2026-05-01 18:01:36,336 [ERROR] ❌ phase1_endgame_puzzles failed after 3 attempts
2026-05-01 18:01:36,336 [ERROR] Phase phase1_endgame_puzzles failed, stopping orchestration
2026-05-01 18:01:36,337 [INFO] ================================================================================
2026-05-01 18:01:36,337 [INFO] 📋 Training Summary
2026-05-01 18:01:36,337 [INFO] ================================================================================
2026-05-01 18:01:36,338 [INFO] Completed phases: 0/4
2026-05-01 18:01:36,338 [INFO] Total time: 0:00:00.010281
2026-05-01 18:01:36,338 [INFO]   phase1_endgame_puzzles (v5.0): ❌ INCOMPLETE
2026-05-01 18:01:36,338 [INFO]   phase2_opening_theory (v5.1): ❌ INCOMPLETE
2026-05-01 18:01:36,339 [INFO]   phase3_master_games (v5.2): ❌ INCOMPLETE
2026-05-01 18:01:36,339 [INFO]   phase4_positional (v5.3): ❌ INCOMPLETE
2026-05-01 18:01:36,339 [INFO] ================================================================================
2026-05-01 18:01:36,339 [WARNING] ⚠️  Some phases incomplete
2026-05-01 18:01:43,119 [INFO] ================================================================================
2026-05-01 18:01:43,119 [INFO] 🚀 V7P3R AI 48-Hour Training Orchestrator
2026-05-01 18:01:43,120 [INFO] ================================================================================
2026-05-01 18:01:43,120 [INFO] Start time: 2026-05-01 18:01:43.119058
2026-05-01 18:01:43,120 [INFO] Target duration: 2 days, 0:00:00
2026-05-01 18:01:43,120 [INFO] Auto-recover: True
2026-05-01 18:01:43,121 [INFO] TensorBoard: True
2026-05-01 18:01:43,121 [INFO] ================================================================================
2026-05-01 18:01:43,123 [INFO] 📊 TensorBoard started on http://0.0.0.0:6006
2026-05-01 18:01:43,123 [INFO] Loaded state: Phase 0
2026-05-01 18:01:43,124 [INFO] 🚀 Starting phase1_endgame_puzzles: Endgame expansion + themed puzzles
2026-05-01 18:01:43,125 [WARNING] Data source not found: endgame_pgns
2026-05-01 18:01:43,125 [INFO] Required data not available, running extraction...
2026-05-01 18:01:43,125 [INFO] Running data extraction for phase1_endgame_puzzles...
2026-05-01 18:01:43,125 [WARNING] Extraction script not found: scripts/extract_endgame_positions.py
2026-05-01 18:01:43,126 [WARNING] Extraction script not found: scripts/extract_themed_puzzles.py
2026-05-01 18:01:43,127 [ERROR] ❌ phase1_endgame_puzzles failed after 3 attempts
2026-05-01 18:01:43,128 [ERROR] Phase phase1_endgame_puzzles failed, stopping orchestration
2026-05-01 18:01:43,128 [INFO] ================================================================================
2026-05-01 18:01:43,128 [INFO] 📋 Training Summary
2026-05-01 18:01:43,128 [INFO] ================================================================================
2026-05-01 18:01:43,128 [INFO] Completed phases: 0/4
2026-05-01 18:01:43,129 [INFO] Total time: 0:00:00.009991
2026-05-01 18:01:43,129 [INFO]   phase1_endgame_puzzles (v5.0): ❌ INCOMPLETE
2026-05-01 18:01:43,129 [INFO]   phase2_opening_theory (v5.1): ❌ INCOMPLETE
2026-05-01 18:01:43,129 [INFO]   phase3_master_games (v5.2): ❌ INCOMPLETE
2026-05-01 18:01:43,129 [INFO]   phase4_positional (v5.3): ❌ INCOMPLETE
2026-05-01 18:01:43,129 [INFO] ================================================================================
2026-05-01 18:01:43,130 [WARNING] ⚠️  Some phases incomplete
2026-05-01 18:01:56,415 [INFO] ================================================================================
2026-05-01 18:01:56,416 [INFO] 🚀 V7P3R AI 48-Hour Training Orchestrator
2026-05-01 18:01:56,416 [INFO] ================================================================================
2026-05-01 18:01:56,417 [INFO] Start time: 2026-05-01 18:01:56.415623
2026-05-01 18:01:56,417 [INFO] Target duration: 2 days, 0:00:00
2026-05-01 18:01:56,417 [INFO] Auto-recover: True
2026-05-01 18:01:56,418 [INFO] TensorBoard: True
2026-05-01 18:01:56,418 [INFO] ================================================================================
2026-05-01 18:01:56,419 [INFO] 📊 TensorBoard started on http://0.0.0.0:6006
2026-05-01 18:01:56,420 [INFO] Loaded state: Phase 0
2026-05-01 18:01:56,420 [INFO] 🚀 Starting phase1_endgame_puzzles: Endgame expansion + themed puzzles
2026-05-01 18:01:56,421 [WARNING] Data source not found: endgame_pgns
2026-05-01 18:01:56,421 [INFO] Required data not available, running extraction...
2026-05-01 18:01:56,422 [INFO] Running data extraction for phase1_endgame_puzzles...
2026-05-01 18:01:56,422 [WARNING] Extraction script not found: scripts/extract_endgame_positions.py
2026-05-01 18:01:56,423 [WARNING] Extraction script not found: scripts/extract_themed_puzzles.py
2026-05-01 18:01:56,425 [ERROR] ❌ phase1_endgame_puzzles failed after 3 attempts
2026-05-01 18:01:56,425 [ERROR] Phase phase1_endgame_puzzles failed, stopping orchestration
2026-05-01 18:01:56,425 [INFO] ================================================================================
2026-05-01 18:01:56,426 [INFO] 📋 Training Summary
2026-05-01 18:01:56,426 [INFO] ================================================================================
2026-05-01 18:01:56,426 [INFO] Completed phases: 0/4
2026-05-01 18:01:56,426 [INFO] Total time: 0:00:00.011192
2026-05-01 18:01:56,427 [INFO]   phase1_endgame_puzzles (v5.0): ❌ INCOMPLETE
2026-05-01 18:01:56,427 [INFO]   phase2_opening_theory (v5.1): ❌ INCOMPLETE
2026-05-01 18:01:56,427 [INFO]   phase3_master_games (v5.2): ❌ INCOMPLETE
2026-05-01 18:01:56,427 [INFO]   phase4_positional (v5.3): ❌ INCOMPLETE
2026-05-01 18:01:56,427 [INFO] ================================================================================
2026-05-01 18:01:56,428 [WARNING] ⚠️  Some phases incomplete
2026-05-01 18:02:22,409 [INFO] ================================================================================
2026-05-01 18:02:22,409 [INFO] 🚀 V7P3R AI 48-Hour Training Orchestrator
2026-05-01 18:02:22,410 [INFO] ================================================================================
2026-05-01 18:02:22,410 [INFO] Start time: 2026-05-01 18:02:22.409055
2026-05-01 18:02:22,411 [INFO] Target duration: 2 days, 0:00:00
2026-05-01 18:02:22,411 [INFO] Auto-recover: True
2026-05-01 18:02:22,412 [INFO] TensorBoard: True
2026-05-01 18:02:22,412 [INFO] ================================================================================
2026-05-01 18:02:22,413 [INFO] 📊 TensorBoard started on http://0.0.0.0:6006
2026-05-01 18:02:22,413 [INFO] Loaded state: Phase 0
2026-05-01 18:02:22,414 [INFO] 🚀 Starting phase1_endgame_puzzles: Endgame expansion + themed puzzles
2026-05-01 18:02:22,414 [WARNING] Data source not found: endgame_pgns
2026-05-01 18:02:22,414 [INFO] Required data not available, running extraction...
2026-05-01 18:02:22,414 [INFO] Running data extraction for phase1_endgame_puzzles...
2026-05-01 18:02:22,415 [WARNING] Extraction script not found: scripts/extract_endgame_positions.py
2026-05-01 18:02:22,415 [WARNING] Extraction script not found: scripts/extract_themed_puzzles.py
2026-05-01 18:02:22,416 [ERROR] ❌ phase1_endgame_puzzles failed after 3 attempts
2026-05-01 18:02:22,416 [ERROR] Phase phase1_endgame_puzzles failed, stopping orchestration
2026-05-01 18:02:22,416 [INFO] ================================================================================
2026-05-01 18:02:22,416 [INFO] 📋 Training Summary
2026-05-01 18:02:22,416 [INFO] ================================================================================
2026-05-01 18:02:22,417 [INFO] Completed phases: 0/4
2026-05-01 18:02:22,417 [INFO] Total time: 0:00:00.008243
2026-05-01 18:02:22,417 [INFO]   phase1_endgame_puzzles (v5.0): ❌ INCOMPLETE
2026-05-01 18:02:22,417 [INFO]   phase2_opening_theory (v5.1): ❌ INCOMPLETE
2026-05-01 18:02:22,417 [INFO]   phase3_master_games (v5.2): ❌ INCOMPLETE
2026-05-01 18:02:22,418 [INFO]   phase4_positional (v5.3): ❌ INCOMPLETE
2026-05-01 18:02:22,418 [INFO] ================================================================================
2026-05-01 18:02:22,418 [WARNING] ⚠️  Some phases incomplete
2026-05-01 18:03:14,164 [INFO] ================================================================================
2026-05-01 18:03:14,165 [INFO] 🚀 V7P3R AI 48-Hour Training Orchestrator
2026-05-01 18:03:14,165 [INFO] ================================================================================
2026-05-01 18:03:14,165 [INFO] Start time: 2026-05-01 18:03:14.164117
2026-05-01 18:03:14,166 [INFO] Target duration: 2 days, 0:00:00
2026-05-01 18:03:14,166 [INFO] Auto-recover: True
2026-05-01 18:03:14,166 [INFO] TensorBoard: True
2026-05-01 18:03:14,167 [INFO] ================================================================================
2026-05-01 18:03:14,168 [INFO] 📊 TensorBoard started on http://0.0.0.0:6006
2026-05-01 18:03:14,168 [INFO] Loaded state: Phase 0
2026-05-01 18:03:14,169 [INFO] 🚀 Starting phase1_endgame_puzzles: Endgame expansion + themed puzzles
2026-05-01 18:03:14,169 [WARNING] Data source not found: endgame_pgns
2026-05-01 18:03:14,170 [INFO] Required data not available, running extraction...
2026-05-01 18:03:14,170 [INFO] Running data extraction for phase1_endgame_puzzles...
2026-05-01 18:03:14,170 [WARNING] Extraction script not found: scripts/extract_endgame_positions.py
2026-05-01 18:03:14,170 [WARNING] Extraction script not found: scripts/extract_themed_puzzles.py
2026-05-01 18:03:14,172 [ERROR] ❌ phase1_endgame_puzzles failed after 3 attempts
2026-05-01 18:03:14,172 [ERROR] Phase phase1_endgame_puzzles failed, stopping orchestration
2026-05-01 18:03:14,172 [INFO] ================================================================================
2026-05-01 18:03:14,172 [INFO] 📋 Training Summary
2026-05-01 18:03:14,172 [INFO] ================================================================================
2026-05-01 18:03:14,173 [INFO] Completed phases: 0/4
2026-05-01 18:03:14,173 [INFO] Total time: 0:00:00.009465
2026-05-01 18:03:14,173 [INFO]   phase1_endgame_puzzles (v5.0): ❌ INCOMPLETE
2026-05-01 18:03:14,174 [INFO]   phase2_opening_theory (v5.1): ❌ INCOMPLETE
2026-05-01 18:03:14,174 [INFO]   phase3_master_games (v5.2): ❌ INCOMPLETE
2026-05-01 18:03:14,175 [INFO]   phase4_positional (v5.3): ❌ INCOMPLETE
2026-05-01 18:03:14,175 [INFO] ================================================================================
2026-05-01 18:03:14,175 [WARNING] ⚠️  Some phases incomplete
2026-05-01 18:04:14,590 [INFO] ================================================================================
2026-05-01 18:04:14,591 [INFO] 🚀 V7P3R AI 48-Hour Training Orchestrator
2026-05-01 18:04:14,592 [INFO] ================================================================================
2026-05-01 18:04:14,592 [INFO] Start time: 2026-05-01 18:04:14.590776
2026-05-01 18:04:14,592 [INFO] Target duration: 2 days, 0:00:00
2026-05-01 18:04:14,592 [INFO] Auto-recover: True
2026-05-01 18:04:14,593 [INFO] TensorBoard: True
2026-05-01 18:04:14,593 [INFO] ================================================================================
2026-05-01 18:04:14,594 [INFO] 📊 TensorBoard started on http://0.0.0.0:6006
2026-05-01 18:04:14,595 [INFO] Loaded state: Phase 0
2026-05-01 18:04:14,596 [INFO] 🚀 Starting phase1_endgame_puzzles: Endgame expansion + themed puzzles
2026-05-01 18:04:14,597 [WARNING] Data source not found: endgame_pgns
2026-05-01 18:04:14,597 [INFO] Required data not available, running extraction...
2026-05-01 18:04:14,597 [INFO] Running data extraction for phase1_endgame_puzzles...
2026-05-01 18:04:14,598 [WARNING] Extraction script not found: scripts/extract_endgame_positions.py
2026-05-01 18:04:14,598 [WARNING] Extraction script not found: scripts/extract_themed_puzzles.py
2026-05-01 18:04:14,600 [ERROR] ❌ phase1_endgame_puzzles failed after 3 attempts
2026-05-01 18:04:14,600 [ERROR] Phase phase1_endgame_puzzles failed, stopping orchestration
2026-05-01 18:04:14,600 [INFO] ================================================================================
2026-05-01 18:04:14,600 [INFO] 📋 Training Summary
2026-05-01 18:04:14,601 [INFO] ================================================================================
2026-05-01 18:04:14,601 [INFO] Completed phases: 0/4
2026-05-01 18:04:14,601 [INFO] Total time: 0:00:00.011014
2026-05-01 18:04:14,602 [INFO]   phase1_endgame_puzzles (v5.0): ❌ INCOMPLETE
2026-05-01 18:04:14,602 [INFO]   phase2_opening_theory (v5.1): ❌ INCOMPLETE
2026-05-01 18:04:14,602 [INFO]   phase3_master_games (v5.2): ❌ INCOMPLETE
2026-05-01 18:04:14,602 [INFO]   phase4_positional (v5.3): ❌ INCOMPLETE
2026-05-01 18:04:14,602 [INFO] ================================================================================
2026-05-01 18:04:14,603 [WARNING] ⚠️  Some phases incomplete
2026-05-01 18:05:14,984 [INFO] ================================================================================
2026-05-01 18:05:14,985 [INFO] 🚀 V7P3R AI 48-Hour Training Orchestrator
2026-05-01 18:05:14,985 [INFO] ================================================================================
2026-05-01 18:05:14,986 [INFO] Start time: 2026-05-01 18:05:14.984609
2026-05-01 18:05:14,986 [INFO] Target duration: 2 days, 0:00:00
2026-05-01 18:05:14,987 [INFO] Auto-recover: True
2026-05-01 18:05:14,987 [INFO] TensorBoard: True
2026-05-01 18:05:14,987 [INFO] ================================================================================
2026-05-01 18:05:14,989 [INFO] 📊 TensorBoard started on http://0.0.0.0:6006
2026-05-01 18:05:14,989 [INFO] Loaded state: Phase 0
2026-05-01 18:05:14,990 [INFO] 🚀 Starting phase1_endgame_puzzles: Endgame expansion + themed puzzles
2026-05-01 18:05:14,990 [WARNING] Data source not found: endgame_pgns
2026-05-01 18:05:14,991 [INFO] Required data not available, running extraction...
2026-05-01 18:05:14,991 [INFO] Running data extraction for phase1_endgame_puzzles...
2026-05-01 18:05:14,991 [WARNING] Extraction script not found: scripts/extract_endgame_positions.py
2026-05-01 18:05:14,992 [WARNING] Extraction script not found: scripts/extract_themed_puzzles.py
2026-05-01 18:05:14,993 [ERROR] ❌ phase1_endgame_puzzles failed after 3 attempts
2026-05-01 18:05:14,993 [ERROR] Phase phase1_endgame_puzzles failed, stopping orchestration
2026-05-01 18:05:14,995 [INFO] ================================================================================
2026-05-01 18:05:14,995 [INFO] 📋 Training Summary
2026-05-01 18:05:14,996 [INFO] ================================================================================
2026-05-01 18:05:14,996 [INFO] Completed phases: 0/4
2026-05-01 18:05:14,996 [INFO] Total time: 0:00:00.012300
2026-05-01 18:05:14,997 [INFO]   phase1_endgame_puzzles (v5.0): ❌ INCOMPLETE
2026-05-01 18:05:14,997 [INFO]   phase2_opening_theory (v5.1): ❌ INCOMPLETE
2026-05-01 18:05:14,998 [INFO]   phase3_master_games (v5.2): ❌ INCOMPLETE
2026-05-01 18:05:14,998 [INFO]   phase4_positional (v5.3): ❌ INCOMPLETE
2026-05-01 18:05:14,998 [INFO] ================================================================================
2026-05-01 18:05:14,999 [WARNING] ⚠️  Some phases incomplete
2026-05-01 18:06:15,381 [INFO] ================================================================================
2026-05-01 18:06:15,382 [INFO] 🚀 V7P3R AI 48-Hour Training Orchestrator
2026-05-01 18:06:15,382 [INFO] ================================================================================
2026-05-01 18:06:15,383 [INFO] Start time: 2026-05-01 18:06:15.381874
2026-05-01 18:06:15,383 [INFO] Target duration: 2 days, 0:00:00
2026-05-01 18:06:15,384 [INFO] Auto-recover: True
2026-05-01 18:06:15,384 [INFO] TensorBoard: True
2026-05-01 18:06:15,385 [INFO] ================================================================================
2026-05-01 18:06:15,386 [INFO] 📊 TensorBoard started on http://0.0.0.0:6006
2026-05-01 18:06:15,386 [INFO] Loaded state: Phase 0
2026-05-01 18:06:15,387 [INFO] 🚀 Starting phase1_endgame_puzzles: Endgame expansion + themed puzzles
2026-05-01 18:06:15,387 [WARNING] Data source not found: endgame_pgns
2026-05-01 18:06:15,387 [INFO] Required data not available, running extraction...
2026-05-01 18:06:15,388 [INFO] Running data extraction for phase1_endgame_puzzles...
2026-05-01 18:06:15,388 [WARNING] Extraction script not found: scripts/extract_endgame_positions.py
2026-05-01 18:06:15,388 [WARNING] Extraction script not found: scripts/extract_themed_puzzles.py
2026-05-01 18:06:15,390 [ERROR] ❌ phase1_endgame_puzzles failed after 3 attempts
2026-05-01 18:06:15,390 [ERROR] Phase phase1_endgame_puzzles failed, stopping orchestration
2026-05-01 18:06:15,390 [INFO] ================================================================================
2026-05-01 18:06:15,390 [INFO] 📋 Training Summary
2026-05-01 18:06:15,390 [INFO] ================================================================================
2026-05-01 18:06:15,391 [INFO] Completed phases: 0/4
2026-05-01 18:06:15,391 [INFO] Total time: 0:00:00.009589
2026-05-01 18:06:15,391 [INFO]   phase1_endgame_puzzles (v5.0): ❌ INCOMPLETE
2026-05-01 18:06:15,392 [INFO]   phase2_opening_theory (v5.1): ❌ INCOMPLETE
2026-05-01 18:06:15,392 [INFO]   phase3_master_games (v5.2): ❌ INCOMPLETE
2026-05-01 18:06:15,392 [INFO]   phase4_positional (v5.3): ❌ INCOMPLETE
2026-05-01 18:06:15,392 [INFO] ================================================================================
2026-05-01 18:06:15,392 [WARNING] ⚠️  Some phases incomplete
2026-05-01 18:07:15,778 [INFO] ================================================================================
2026-05-01 18:07:15,779 [INFO] 🚀 V7P3R AI 48-Hour Training Orchestrator
2026-05-01 18:07:15,779 [INFO] ================================================================================
2026-05-01 18:07:15,780 [INFO] Start time: 2026-05-01 18:07:15.778720
2026-05-01 18:07:15,781 [INFO] Target duration: 2 days, 0:00:00
2026-05-01 18:07:15,781 [INFO] Auto-recover: True
2026-05-01 18:07:15,782 [INFO] TensorBoard: True
2026-05-01 18:07:15,783 [INFO] ================================================================================
2026-05-01 18:07:15,784 [INFO] 📊 TensorBoard started on http://0.0.0.0:6006
2026-05-01 18:07:15,784 [INFO] Loaded state: Phase 0
2026-05-01 18:07:15,785 [INFO] 🚀 Starting phase1_endgame_puzzles: Endgame expansion + themed puzzles
2026-05-01 18:07:15,785 [WARNING] Data source not found: endgame_pgns
2026-05-01 18:07:15,786 [INFO] Required data not available, running extraction...
2026-05-01 18:07:15,786 [INFO] Running data extraction for phase1_endgame_puzzles...
2026-05-01 18:07:15,786 [WARNING] Extraction script not found: scripts/extract_endgame_positions.py
2026-05-01 18:07:15,787 [WARNING] Extraction script not found: scripts/extract_themed_puzzles.py
2026-05-01 18:07:15,788 [ERROR] ❌ phase1_endgame_puzzles failed after 3 attempts
2026-05-01 18:07:15,789 [ERROR] Phase phase1_endgame_puzzles failed, stopping orchestration
2026-05-01 18:07:15,789 [INFO] ================================================================================
2026-05-01 18:07:15,789 [INFO] 📋 Training Summary
2026-05-01 18:07:15,789 [INFO] ================================================================================
2026-05-01 18:07:15,789 [INFO] Completed phases: 0/4
2026-05-01 18:07:15,790 [INFO] Total time: 0:00:00.011451
2026-05-01 18:07:15,790 [INFO]   phase1_endgame_puzzles (v5.0): ❌ INCOMPLETE
2026-05-01 18:07:15,790 [INFO]   phase2_opening_theory (v5.1): ❌ INCOMPLETE
2026-05-01 18:07:15,790 [INFO]   phase3_master_games (v5.2): ❌ INCOMPLETE
2026-05-01 18:07:15,791 [INFO]   phase4_positional (v5.3): ❌ INCOMPLETE
2026-05-01 18:07:15,791 [INFO] ================================================================================
2026-05-01 18:07:15,791 [WARNING] ⚠️  Some phases incomplete
2026-05-01 18:08:16,201 [INFO] ================================================================================
2026-05-01 18:08:16,202 [INFO] 🚀 V7P3R AI 48-Hour Training Orchestrator
2026-05-01 18:08:16,202 [INFO] ================================================================================
2026-05-01 18:08:16,203 [INFO] Start time: 2026-05-01 18:08:16.201247
2026-05-01 18:08:16,203 [INFO] Target duration: 2 days, 0:00:00
2026-05-01 18:08:16,203 [INFO] Auto-recover: True
2026-05-01 18:08:16,204 [INFO] TensorBoard: True
2026-05-01 18:08:16,204 [INFO] ================================================================================
2026-05-01 18:08:16,205 [INFO] 📊 TensorBoard started on http://0.0.0.0:6006
2026-05-01 18:08:16,205 [INFO] Loaded state: Phase 0
2026-05-01 18:08:16,206 [INFO] 🚀 Starting phase1_endgame_puzzles: Endgame expansion + themed puzzles
2026-05-01 18:08:16,206 [WARNING] Data source not found: endgame_pgns
2026-05-01 18:08:16,207 [INFO] Required data not available, running extraction...
2026-05-01 18:08:16,207 [INFO] Running data extraction for phase1_endgame_puzzles...
2026-05-01 18:08:16,207 [WARNING] Extraction script not found: scripts/extract_endgame_positions.py
2026-05-01 18:08:16,207 [WARNING] Extraction script not found: scripts/extract_themed_puzzles.py
2026-05-01 18:08:16,209 [ERROR] ❌ phase1_endgame_puzzles failed after 3 attempts
2026-05-01 18:08:16,210 [ERROR] Phase phase1_endgame_puzzles failed, stopping orchestration
2026-05-01 18:08:16,210 [INFO] ================================================================================
2026-05-01 18:08:16,210 [INFO] 📋 Training Summary
2026-05-01 18:08:16,210 [INFO] ================================================================================
2026-05-01 18:08:16,210 [INFO] Completed phases: 0/4
2026-05-01 18:08:16,211 [INFO] Total time: 0:00:00.009865
2026-05-01 18:08:16,211 [INFO]   phase1_endgame_puzzles (v5.0): ❌ INCOMPLETE
2026-05-01 18:08:16,211 [INFO]   phase2_opening_theory (v5.1): ❌ INCOMPLETE
2026-05-01 18:08:16,211 [INFO]   phase3_master_games (v5.2): ❌ INCOMPLETE
2026-05-01 18:08:16,212 [INFO]   phase4_positional (v5.3): ❌ INCOMPLETE
2026-05-01 18:08:16,212 [INFO] ================================================================================
2026-05-01 18:08:16,212 [WARNING] ⚠️  Some phases incomplete
2026-05-01 18:09:16,641 [INFO] ================================================================================
2026-05-01 18:09:16,641 [INFO] 🚀 V7P3R AI 48-Hour Training Orchestrator
2026-05-01 18:09:16,642 [INFO] ================================================================================
2026-05-01 18:09:16,643 [INFO] Start time: 2026-05-01 18:09:16.641328
2026-05-01 18:09:16,643 [INFO] Target duration: 2 days, 0:00:00
2026-05-01 18:09:16,644 [INFO] Auto-recover: True
2026-05-01 18:09:16,644 [INFO] TensorBoard: True
2026-05-01 18:09:16,644 [INFO] ================================================================================
2026-05-01 18:09:16,645 [INFO] 📊 TensorBoard started on http://0.0.0.0:6006
2026-05-01 18:09:16,645 [INFO] Loaded state: Phase 0
2026-05-01 18:09:16,646 [INFO] 🚀 Starting phase1_endgame_puzzles: Endgame expansion + themed puzzles
2026-05-01 18:09:16,646 [WARNING] Data source not found: endgame_pgns
2026-05-01 18:09:16,647 [INFO] Required data not available, running extraction...
2026-05-01 18:09:16,647 [INFO] Running data extraction for phase1_endgame_puzzles...
2026-05-01 18:09:16,647 [WARNING] Extraction script not found: scripts/extract_endgame_positions.py
2026-05-01 18:09:16,647 [WARNING] Extraction script not found: scripts/extract_themed_puzzles.py
2026-05-01 18:09:16,648 [ERROR] ❌ phase1_endgame_puzzles failed after 3 attempts
2026-05-01 18:09:16,649 [ERROR] Phase phase1_endgame_puzzles failed, stopping orchestration
2026-05-01 18:09:16,649 [INFO] ================================================================================
2026-05-01 18:09:16,649 [INFO] 📋 Training Summary
2026-05-01 18:09:16,649 [INFO] ================================================================================
2026-05-01 18:09:16,650 [INFO] Completed phases: 0/4
2026-05-01 18:09:16,650 [INFO] Total time: 0:00:00.009186
2026-05-01 18:09:16,650 [INFO]   phase1_endgame_puzzles (v5.0): ❌ INCOMPLETE
2026-05-01 18:09:16,651 [INFO]   phase2_opening_theory (v5.1): ❌ INCOMPLETE
2026-05-01 18:09:16,651 [INFO]   phase3_master_games (v5.2): ❌ INCOMPLETE
2026-05-01 18:09:16,651 [INFO]   phase4_positional (v5.3): ❌ INCOMPLETE
2026-05-01 18:09:16,652 [INFO] ================================================================================
2026-05-01 18:09:16,652 [WARNING] ⚠️  Some phases incomplete
2026-05-01 18:10:17,044 [INFO] ================================================================================
2026-05-01 18:10:17,045 [INFO] 🚀 V7P3R AI 48-Hour Training Orchestrator
2026-05-01 18:10:17,045 [INFO] ================================================================================
2026-05-01 18:10:17,046 [INFO] Start time: 2026-05-01 18:10:17.044799
2026-05-01 18:10:17,046 [INFO] Target duration: 2 days, 0:00:00
2026-05-01 18:10:17,047 [INFO] Auto-recover: True
2026-05-01 18:10:17,047 [INFO] TensorBoard: True
2026-05-01 18:10:17,047 [INFO] ================================================================================
2026-05-01 18:10:17,048 [INFO] 📊 TensorBoard started on http://0.0.0.0:6006
2026-05-01 18:10:17,049 [INFO] Loaded state: Phase 0
2026-05-01 18:10:17,049 [INFO] 🚀 Starting phase1_endgame_puzzles: Endgame expansion + themed puzzles
2026-05-01 18:10:17,050 [WARNING] Data source not found: endgame_pgns
2026-05-01 18:10:17,050 [INFO] Required data not available, running extraction...
2026-05-01 18:10:17,050 [INFO] Running data extraction for phase1_endgame_puzzles...
2026-05-01 18:10:17,050 [WARNING] Extraction script not found: scripts/extract_endgame_positions.py
2026-05-01 18:10:17,051 [WARNING] Extraction script not found: scripts/extract_themed_puzzles.py
2026-05-01 18:10:17,053 [ERROR] ❌ phase1_endgame_puzzles failed after 3 attempts
2026-05-01 18:10:17,053 [ERROR] Phase phase1_endgame_puzzles failed, stopping orchestration
2026-05-01 18:10:17,054 [INFO] ================================================================================
2026-05-01 18:10:17,054 [INFO] 📋 Training Summary
2026-05-01 18:10:17,054 [INFO] ================================================================================
2026-05-01 18:10:17,055 [INFO] Completed phases: 0/4
2026-05-01 18:10:17,055 [INFO] Total time: 0:00:00.010533
2026-05-01 18:10:17,055 [INFO]   phase1_endgame_puzzles (v5.0): ❌ INCOMPLETE
2026-05-01 18:10:17,055 [INFO]   phase2_opening_theory (v5.1): ❌ INCOMPLETE
2026-05-01 18:10:17,056 [INFO]   phase3_master_games (v5.2): ❌ INCOMPLETE
2026-05-01 18:10:17,056 [INFO]   phase4_positional (v5.3): ❌ INCOMPLETE
2026-05-01 18:10:17,056 [INFO] ================================================================================
2026-05-01 18:10:17,056 [WARNING] ⚠️  Some phases incomplete
2026-05-01 18:11:17,443 [INFO] ================================================================================
2026-05-01 18:11:17,444 [INFO] 🚀 V7P3R AI 48-Hour Training Orchestrator
2026-05-01 18:11:17,444 [INFO] ================================================================================
2026-05-01 18:11:17,444 [INFO] Start time: 2026-05-01 18:11:17.443502
2026-05-01 18:11:17,445 [INFO] Target duration: 2 days, 0:00:00
2026-05-01 18:11:17,445 [INFO] Auto-recover: True
2026-05-01 18:11:17,446 [INFO] TensorBoard: True
2026-05-01 18:11:17,446 [INFO] ================================================================================
2026-05-01 18:11:17,447 [INFO] 📊 TensorBoard started on http://0.0.0.0:6006
2026-05-01 18:11:17,447 [INFO] Loaded state: Phase 0
2026-05-01 18:11:17,448 [INFO] 🚀 Starting phase1_endgame_puzzles: Endgame expansion + themed puzzles
2026-05-01 18:11:17,448 [WARNING] Data source not found: endgame_pgns
2026-05-01 18:11:17,449 [INFO] Required data not available, running extraction...
2026-05-01 18:11:17,449 [INFO] Running data extraction for phase1_endgame_puzzles...
2026-05-01 18:11:17,449 [WARNING] Extraction script not found: scripts/extract_endgame_positions.py
2026-05-01 18:11:17,449 [WARNING] Extraction script not found: scripts/extract_themed_puzzles.py
2026-05-01 18:11:17,450 [ERROR] ❌ phase1_endgame_puzzles failed after 3 attempts
2026-05-01 18:11:17,450 [ERROR] Phase phase1_endgame_puzzles failed, stopping orchestration
2026-05-01 18:11:17,451 [INFO] ================================================================================
2026-05-01 18:11:17,451 [INFO] 📋 Training Summary
2026-05-01 18:11:17,451 [INFO] ================================================================================
2026-05-01 18:11:17,451 [INFO] Completed phases: 0/4
2026-05-01 18:11:17,451 [INFO] Total time: 0:00:00.008295
2026-05-01 18:11:17,451 [INFO]   phase1_endgame_puzzles (v5.0): ❌ INCOMPLETE
2026-05-01 18:11:17,452 [INFO]   phase2_opening_theory (v5.1): ❌ INCOMPLETE
2026-05-01 18:11:17,452 [INFO]   phase3_master_games (v5.2): ❌ INCOMPLETE
2026-05-01 18:11:17,452 [INFO]   phase4_positional (v5.3): ❌ INCOMPLETE
2026-05-01 18:11:17,452 [INFO] ================================================================================
2026-05-01 18:11:17,452 [WARNING] ⚠️  Some phases incomplete
2026-05-01 18:12:17,834 [INFO] ================================================================================
2026-05-01 18:12:17,834 [INFO] 🚀 V7P3R AI 48-Hour Training Orchestrator
2026-05-01 18:12:17,835 [INFO] ================================================================================
2026-05-01 18:12:17,835 [INFO] Start time: 2026-05-01 18:12:17.834133
2026-05-01 18:12:17,836 [INFO] Target duration: 2 days, 0:00:00
2026-05-01 18:12:17,836 [INFO] Auto-recover: True
2026-05-01 18:12:17,837 [INFO] TensorBoard: True
2026-05-01 18:12:17,837 [INFO] ================================================================================
2026-05-01 18:12:17,838 [INFO] 📊 TensorBoard started on http://0.0.0.0:6006
2026-05-01 18:12:17,839 [INFO] Loaded state: Phase 0
2026-05-01 18:12:17,840 [INFO] 🚀 Starting phase1_endgame_puzzles: Endgame expansion + themed puzzles
2026-05-01 18:12:17,841 [WARNING] Data source not found: endgame_pgns
2026-05-01 18:12:17,841 [INFO] Required data not available, running extraction...
2026-05-01 18:12:17,842 [INFO] Running data extraction for phase1_endgame_puzzles...
2026-05-01 18:12:17,842 [WARNING] Extraction script not found: scripts/extract_endgame_positions.py
2026-05-01 18:12:17,842 [WARNING] Extraction script not found: scripts/extract_themed_puzzles.py
2026-05-01 18:12:17,865 [ERROR] ❌ phase1_endgame_puzzles failed after 3 attempts
2026-05-01 18:12:17,865 [ERROR] Phase phase1_endgame_puzzles failed, stopping orchestration
2026-05-01 18:12:17,865 [INFO] ================================================================================
2026-05-01 18:12:17,865 [INFO] 📋 Training Summary
2026-05-01 18:12:17,866 [INFO] ================================================================================
2026-05-01 18:12:17,866 [INFO] Completed phases: 0/4
2026-05-01 18:12:17,866 [INFO] Total time: 0:00:00.032806
2026-05-01 18:12:17,867 [INFO]   phase1_endgame_puzzles (v5.0): ❌ INCOMPLETE
2026-05-01 18:12:17,867 [INFO]   phase2_opening_theory (v5.1): ❌ INCOMPLETE
2026-05-01 18:12:17,867 [INFO]   phase3_master_games (v5.2): ❌ INCOMPLETE
2026-05-01 18:12:17,868 [INFO]   phase4_positional (v5.3): ❌ INCOMPLETE
2026-05-01 18:12:17,868 [INFO] ================================================================================
2026-05-01 18:12:17,868 [WARNING] ⚠️  Some phases incomplete
2026-05-01 18:13:18,265 [INFO] ================================================================================
2026-05-01 18:13:18,266 [INFO] 🚀 V7P3R AI 48-Hour Training Orchestrator
2026-05-01 18:13:18,266 [INFO] ================================================================================
2026-05-01 18:13:18,266 [INFO] Start time: 2026-05-01 18:13:18.265189
2026-05-01 18:13:18,267 [INFO] Target duration: 2 days, 0:00:00
2026-05-01 18:13:18,267 [INFO] Auto-recover: True
2026-05-01 18:13:18,268 [INFO] TensorBoard: True
2026-05-01 18:13:18,268 [INFO] ================================================================================
2026-05-01 18:13:18,269 [INFO] 📊 TensorBoard started on http://0.0.0.0:6006
2026-05-01 18:13:18,275 [INFO] Loaded state: Phase 0
2026-05-01 18:13:18,276 [INFO] 🚀 Starting phase1_endgame_puzzles: Endgame expansion + themed puzzles
2026-05-01 18:13:18,278 [WARNING] Data source not found: endgame_pgns
2026-05-01 18:13:18,278 [INFO] Required data not available, running extraction...
2026-05-01 18:13:18,279 [INFO] Running data extraction for phase1_endgame_puzzles...
2026-05-01 18:13:18,279 [WARNING] Extraction script not found: scripts/extract_endgame_positions.py
2026-05-01 18:13:18,279 [WARNING] Extraction script not found: scripts/extract_themed_puzzles.py
2026-05-01 18:13:18,281 [ERROR] ❌ phase1_endgame_puzzles failed after 3 attempts
2026-05-01 18:13:18,281 [ERROR] Phase phase1_endgame_puzzles failed, stopping orchestration
2026-05-01 18:13:18,282 [INFO] ================================================================================
2026-05-01 18:13:18,282 [INFO] 📋 Training Summary
2026-05-01 18:13:18,282 [INFO] ================================================================================
2026-05-01 18:13:18,282 [INFO] Completed phases: 0/4
2026-05-01 18:13:18,283 [INFO] Total time: 0:00:00.017809
2026-05-01 18:13:18,283 [INFO]   phase1_endgame_puzzles (v5.0): ❌ INCOMPLETE
2026-05-01 18:13:18,283 [INFO]   phase2_opening_theory (v5.1): ❌ INCOMPLETE
2026-05-01 18:13:18,283 [INFO]   phase3_master_games (v5.2): ❌ INCOMPLETE
2026-05-01 18:13:18,283 [INFO]   phase4_positional (v5.3): ❌ INCOMPLETE
2026-05-01 18:13:18,284 [INFO] ================================================================================
2026-05-01 18:13:18,284 [WARNING] ⚠️  Some phases incomplete
2026-05-01 18:14:18,682 [INFO] ================================================================================
2026-05-01 18:14:18,683 [INFO] 🚀 V7P3R AI 48-Hour Training Orchestrator
2026-05-01 18:14:18,683 [INFO] ================================================================================
2026-05-01 18:14:18,684 [INFO] Start time: 2026-05-01 18:14:18.682693
2026-05-01 18:14:18,684 [INFO] Target duration: 2 days, 0:00:00
2026-05-01 18:14:18,684 [INFO] Auto-recover: True
2026-05-01 18:14:18,685 [INFO] TensorBoard: True
2026-05-01 18:14:18,685 [INFO] ================================================================================
2026-05-01 18:14:18,686 [INFO] 📊 TensorBoard started on http://0.0.0.0:6006
2026-05-01 18:14:18,686 [INFO] Loaded state: Phase 0
2026-05-01 18:14:18,687 [INFO] 🚀 Starting phase1_endgame_puzzles: Endgame expansion + themed puzzles
2026-05-01 18:14:18,687 [WARNING] Data source not found: endgame_pgns
2026-05-01 18:14:18,688 [INFO] Required data not available, running extraction...
2026-05-01 18:14:18,688 [INFO] Running data extraction for phase1_endgame_puzzles...
2026-05-01 18:14:18,688 [WARNING] Extraction script not found: scripts/extract_endgame_positions.py
2026-05-01 18:14:18,688 [WARNING] Extraction script not found: scripts/extract_themed_puzzles.py
2026-05-01 18:14:18,689 [ERROR] ❌ phase1_endgame_puzzles failed after 3 attempts
2026-05-01 18:14:18,690 [ERROR] Phase phase1_endgame_puzzles failed, stopping orchestration
2026-05-01 18:14:18,690 [INFO] ================================================================================
2026-05-01 18:14:18,690 [INFO] 📋 Training Summary
2026-05-01 18:14:18,690 [INFO] ================================================================================
2026-05-01 18:14:18,690 [INFO] Completed phases: 0/4
2026-05-01 18:14:18,690 [INFO] Total time: 0:00:00.008254
2026-05-01 18:14:18,691 [INFO]   phase1_endgame_puzzles (v5.0): ❌ INCOMPLETE
2026-05-01 18:14:18,691 [INFO]   phase2_opening_theory (v5.1): ❌ INCOMPLETE
2026-05-01 18:14:18,691 [INFO]   phase3_master_games (v5.2): ❌ INCOMPLETE
2026-05-01 18:14:18,691 [INFO]   phase4_positional (v5.3): ❌ INCOMPLETE
2026-05-01 18:14:18,691 [INFO] ================================================================================
2026-05-01 18:14:18,692 [WARNING] ⚠️  Some phases incomplete
2026-05-01 18:15:19,123 [INFO] ================================================================================
2026-05-01 18:15:19,124 [INFO] 🚀 V7P3R AI 48-Hour Training Orchestrator
2026-05-01 18:15:19,124 [INFO] ================================================================================
2026-05-01 18:15:19,125 [INFO] Start time: 2026-05-01 18:15:19.123689
2026-05-01 18:15:19,125 [INFO] Target duration: 2 days, 0:00:00
2026-05-01 18:15:19,125 [INFO] Auto-recover: True
2026-05-01 18:15:19,126 [INFO] TensorBoard: True
2026-05-01 18:15:19,126 [INFO] ================================================================================
2026-05-01 18:15:19,127 [INFO] 📊 TensorBoard started on http://0.0.0.0:6006
2026-05-01 18:15:19,127 [INFO] Loaded state: Phase 0
2026-05-01 18:15:19,128 [INFO] 🚀 Starting phase1_endgame_puzzles: Endgame expansion + themed puzzles
2026-05-01 18:15:19,129 [WARNING] Data source not found: endgame_pgns
2026-05-01 18:15:19,129 [INFO] Required data not available, running extraction...
2026-05-01 18:15:19,129 [INFO] Running data extraction for phase1_endgame_puzzles...
2026-05-01 18:15:19,129 [WARNING] Extraction script not found: scripts/extract_endgame_positions.py
2026-05-01 18:15:19,130 [WARNING] Extraction script not found: scripts/extract_themed_puzzles.py
2026-05-01 18:15:19,131 [ERROR] ❌ phase1_endgame_puzzles failed after 3 attempts
2026-05-01 18:15:19,131 [ERROR] Phase phase1_endgame_puzzles failed, stopping orchestration
2026-05-01 18:15:19,132 [INFO] ================================================================================
2026-05-01 18:15:19,132 [INFO] 📋 Training Summary
2026-05-01 18:15:19,132 [INFO] ================================================================================
2026-05-01 18:15:19,132 [INFO] Completed phases: 0/4
2026-05-01 18:15:19,132 [INFO] Total time: 0:00:00.009277
2026-05-01 18:15:19,133 [INFO]   phase1_endgame_puzzles (v5.0): ❌ INCOMPLETE
2026-05-01 18:15:19,133 [INFO]   phase2_opening_theory (v5.1): ❌ INCOMPLETE
2026-05-01 18:15:19,133 [INFO]   phase3_master_games (v5.2): ❌ INCOMPLETE
2026-05-01 18:15:19,133 [INFO]   phase4_positional (v5.3): ❌ INCOMPLETE
2026-05-01 18:15:19,133 [INFO] ================================================================================
2026-05-01 18:15:19,134 [WARNING] ⚠️  Some phases incomplete
2026-05-01 18:16:19,582 [INFO] ================================================================================
2026-05-01 18:16:19,600 [INFO] 🚀 V7P3R AI 48-Hour Training Orchestrator
2026-05-01 18:16:19,600 [INFO] ================================================================================
2026-05-01 18:16:19,601 [INFO] Start time: 2026-05-01 18:16:19.582392
2026-05-01 18:16:19,601 [INFO] Target duration: 2 days, 0:00:00
2026-05-01 18:16:19,602 [INFO] Auto-recover: True
2026-05-01 18:16:19,602 [INFO] TensorBoard: True
2026-05-01 18:16:19,603 [INFO] ================================================================================
2026-05-01 18:16:19,604 [INFO] 📊 TensorBoard started on http://0.0.0.0:6006
2026-05-01 18:16:19,604 [INFO] Loaded state: Phase 0
2026-05-01 18:16:19,605 [INFO] 🚀 Starting phase1_endgame_puzzles: Endgame expansion + themed puzzles
2026-05-01 18:16:19,606 [WARNING] Data source not found: endgame_pgns
2026-05-01 18:16:19,606 [INFO] Required data not available, running extraction...
2026-05-01 18:16:19,606 [INFO] Running data extraction for phase1_endgame_puzzles...
2026-05-01 18:16:19,606 [WARNING] Extraction script not found: scripts/extract_endgame_positions.py
2026-05-01 18:16:19,607 [WARNING] Extraction script not found: scripts/extract_themed_puzzles.py
2026-05-01 18:16:19,608 [ERROR] ❌ phase1_endgame_puzzles failed after 3 attempts
2026-05-01 18:16:19,608 [ERROR] Phase phase1_endgame_puzzles failed, stopping orchestration
2026-05-01 18:16:19,608 [INFO] ================================================================================
2026-05-01 18:16:19,608 [INFO] 📋 Training Summary
2026-05-01 18:16:19,609 [INFO] ================================================================================
2026-05-01 18:16:19,609 [INFO] Completed phases: 0/4
2026-05-01 18:16:19,609 [INFO] Total time: 0:00:00.027055
2026-05-01 18:16:19,609 [INFO]   phase1_endgame_puzzles (v5.0): ❌ INCOMPLETE
2026-05-01 18:16:19,609 [INFO]   phase2_opening_theory (v5.1): ❌ INCOMPLETE
2026-05-01 18:16:19,610 [INFO]   phase3_master_games (v5.2): ❌ INCOMPLETE
2026-05-01 18:16:19,610 [INFO]   phase4_positional (v5.3): ❌ INCOMPLETE
2026-05-01 18:16:19,610 [INFO] ================================================================================
2026-05-01 18:16:19,610 [WARNING] ⚠️  Some phases incomplete
2026-05-01 18:17:20,022 [INFO] ================================================================================
2026-05-01 18:17:20,022 [INFO] 🚀 V7P3R AI 48-Hour Training Orchestrator
2026-05-01 18:17:20,023 [INFO] ================================================================================
2026-05-01 18:17:20,023 [INFO] Start time: 2026-05-01 18:17:20.021893
2026-05-01 18:17:20,024 [INFO] Target duration: 2 days, 0:00:00
2026-05-01 18:17:20,024 [INFO] Auto-recover: True
2026-05-01 18:17:20,024 [INFO] TensorBoard: True
2026-05-01 18:17:20,025 [INFO] ================================================================================
2026-05-01 18:17:20,026 [INFO] 📊 TensorBoard started on http://0.0.0.0:6006
2026-05-01 18:17:20,026 [INFO] Loaded state: Phase 0
2026-05-01 18:17:20,027 [INFO] 🚀 Starting phase1_endgame_puzzles: Endgame expansion + themed puzzles
2026-05-01 18:17:20,027 [WARNING] Data source not found: endgame_pgns
2026-05-01 18:17:20,028 [INFO] Required data not available, running extraction...
2026-05-01 18:17:20,028 [INFO] Running data extraction for phase1_endgame_puzzles...
2026-05-01 18:17:20,028 [WARNING] Extraction script not found: scripts/extract_endgame_positions.py
2026-05-01 18:17:20,029 [WARNING] Extraction script not found: scripts/extract_themed_puzzles.py
2026-05-01 18:17:20,030 [ERROR] ❌ phase1_endgame_puzzles failed after 3 attempts
2026-05-01 18:17:20,031 [ERROR] Phase phase1_endgame_puzzles failed, stopping orchestration
2026-05-01 18:17:20,031 [INFO] ================================================================================
2026-05-01 18:17:20,032 [INFO] 📋 Training Summary
2026-05-01 18:17:20,032 [INFO] ================================================================================
2026-05-01 18:17:20,032 [INFO] Completed phases: 0/4
2026-05-01 18:17:20,032 [INFO] Total time: 0:00:00.010971
2026-05-01 18:17:20,033 [INFO]   phase1_endgame_puzzles (v5.0): ❌ INCOMPLETE
2026-05-01 18:17:20,033 [INFO]   phase2_opening_theory (v5.1): ❌ INCOMPLETE
2026-05-01 18:17:20,033 [INFO]   phase3_master_games (v5.2): ❌ INCOMPLETE
2026-05-01 18:17:20,033 [INFO]   phase4_positional (v5.3): ❌ INCOMPLETE
2026-05-01 18:17:20,034 [INFO] ================================================================================
2026-05-01 18:17:20,034 [WARNING] ⚠️  Some phases incomplete
2026-05-01 18:18:20,487 [INFO] ================================================================================
2026-05-01 18:18:20,488 [INFO] 🚀 V7P3R AI 48-Hour Training Orchestrator
2026-05-01 18:18:20,488 [INFO] ================================================================================
2026-05-01 18:18:20,489 [INFO] Start time: 2026-05-01 18:18:20.487370
2026-05-01 18:18:20,489 [INFO] Target duration: 2 days, 0:00:00
2026-05-01 18:18:20,490 [INFO] Auto-recover: True
2026-05-01 18:18:20,490 [INFO] TensorBoard: True
2026-05-01 18:18:20,491 [INFO] ================================================================================
2026-05-01 18:18:20,492 [INFO] 📊 TensorBoard started on http://0.0.0.0:6006
2026-05-01 18:18:20,492 [INFO] Loaded state: Phase 0
2026-05-01 18:18:20,493 [INFO] 🚀 Starting phase1_endgame_puzzles: Endgame expansion + themed puzzles
2026-05-01 18:18:20,494 [WARNING] Data source not found: endgame_pgns
2026-05-01 18:18:20,494 [INFO] Required data not available, running extraction...
2026-05-01 18:18:20,494 [INFO] Running data extraction for phase1_endgame_puzzles...
2026-05-01 18:18:20,495 [WARNING] Extraction script not found: scripts/extract_endgame_positions.py
2026-05-01 18:18:20,495 [WARNING] Extraction script not found: scripts/extract_themed_puzzles.py
2026-05-01 18:18:20,497 [ERROR] ❌ phase1_endgame_puzzles failed after 3 attempts
2026-05-01 18:18:20,497 [ERROR] Phase phase1_endgame_puzzles failed, stopping orchestration
2026-05-01 18:18:20,497 [INFO] ================================================================================
2026-05-01 18:18:20,497 [INFO] 📋 Training Summary
2026-05-01 18:18:20,498 [INFO] ================================================================================
2026-05-01 18:18:20,498 [INFO] Completed phases: 0/4
2026-05-01 18:18:20,498 [INFO] Total time: 0:00:00.011356
2026-05-01 18:18:20,499 [INFO]   phase1_endgame_puzzles (v5.0): ❌ INCOMPLETE
2026-05-01 18:18:20,499 [INFO]   phase2_opening_theory (v5.1): ❌ INCOMPLETE
2026-05-01 18:18:20,499 [INFO]   phase3_master_games (v5.2): ❌ INCOMPLETE
2026-05-01 18:18:20,499 [INFO]   phase4_positional (v5.3): ❌ INCOMPLETE
2026-05-01 18:18:20,500 [INFO] ================================================================================
2026-05-01 18:18:20,500 [WARNING] ⚠️  Some phases incomplete
2026-05-01 18:19:20,901 [INFO] ================================================================================
2026-05-01 18:19:20,902 [INFO] 🚀 V7P3R AI 48-Hour Training Orchestrator
2026-05-01 18:19:20,902 [INFO] ================================================================================
2026-05-01 18:19:20,903 [INFO] Start time: 2026-05-01 18:19:20.901486
2026-05-01 18:19:20,903 [INFO] Target duration: 2 days, 0:00:00
2026-05-01 18:19:20,904 [INFO] Auto-recover: True
2026-05-01 18:19:20,904 [INFO] TensorBoard: True
2026-05-01 18:19:20,904 [INFO] ================================================================================
2026-05-01 18:19:20,905 [INFO] 📊 TensorBoard started on http://0.0.0.0:6006
2026-05-01 18:19:20,905 [INFO] Loaded state: Phase 0
2026-05-01 18:19:20,906 [INFO] 🚀 Starting phase1_endgame_puzzles: Endgame expansion + themed puzzles
2026-05-01 18:19:20,906 [WARNING] Data source not found: endgame_pgns
2026-05-01 18:19:20,906 [INFO] Required data not available, running extraction...
2026-05-01 18:19:20,907 [INFO] Running data extraction for phase1_endgame_puzzles...
2026-05-01 18:19:20,907 [WARNING] Extraction script not found: scripts/extract_endgame_positions.py
2026-05-01 18:19:20,907 [WARNING] Extraction script not found: scripts/extract_themed_puzzles.py
2026-05-01 18:19:20,908 [ERROR] ❌ phase1_endgame_puzzles failed after 3 attempts
2026-05-01 18:19:20,908 [ERROR] Phase phase1_endgame_puzzles failed, stopping orchestration
2026-05-01 18:19:20,909 [INFO] ================================================================================
2026-05-01 18:19:20,909 [INFO] 📋 Training Summary
2026-05-01 18:19:20,909 [INFO] ================================================================================
2026-05-01 18:19:20,909 [INFO] Completed phases: 0/4
2026-05-01 18:19:20,909 [INFO] Total time: 0:00:00.008452
2026-05-01 18:19:20,910 [INFO]   phase1_endgame_puzzles (v5.0): ❌ INCOMPLETE
2026-05-01 18:19:20,910 [INFO]   phase2_opening_theory (v5.1): ❌ INCOMPLETE
2026-05-01 18:19:20,910 [INFO]   phase3_master_games (v5.2): ❌ INCOMPLETE
2026-05-01 18:19:20,910 [INFO]   phase4_positional (v5.3): ❌ INCOMPLETE
2026-05-01 18:19:20,910 [INFO] ================================================================================
2026-05-01 18:19:20,910 [WARNING] ⚠️  Some phases incomplete
2026-05-01 18:20:21,347 [INFO] ================================================================================
2026-05-01 18:20:21,348 [INFO] 🚀 V7P3R AI 48-Hour Training Orchestrator
2026-05-01 18:20:21,348 [INFO] ================================================================================
2026-05-01 18:20:21,349 [INFO] Start time: 2026-05-01 18:20:21.347687
2026-05-01 18:20:21,349 [INFO] Target duration: 2 days, 0:00:00
2026-05-01 18:20:21,349 [INFO] Auto-recover: True
2026-05-01 18:20:21,350 [INFO] TensorBoard: True
2026-05-01 18:20:21,350 [INFO] ================================================================================
2026-05-01 18:20:21,351 [INFO] 📊 TensorBoard started on http://0.0.0.0:6006
2026-05-01 18:20:21,351 [INFO] Loaded state: Phase 0
2026-05-01 18:20:21,352 [INFO] 🚀 Starting phase1_endgame_puzzles: Endgame expansion + themed puzzles
2026-05-01 18:20:21,352 [WARNING] Data source not found: endgame_pgns
2026-05-01 18:20:21,353 [INFO] Required data not available, running extraction...
2026-05-01 18:20:21,353 [INFO] Running data extraction for phase1_endgame_puzzles...
2026-05-01 18:20:21,353 [WARNING] Extraction script not found: scripts/extract_endgame_positions.py
2026-05-01 18:20:21,354 [WARNING] Extraction script not found: scripts/extract_themed_puzzles.py
2026-05-01 18:20:21,355 [ERROR] ❌ phase1_endgame_puzzles failed after 3 attempts
2026-05-01 18:20:21,356 [ERROR] Phase phase1_endgame_puzzles failed, stopping orchestration
2026-05-01 18:20:21,356 [INFO] ================================================================================
2026-05-01 18:20:21,356 [INFO] 📋 Training Summary
2026-05-01 18:20:21,356 [INFO] ================================================================================
2026-05-01 18:20:21,356 [INFO] Completed phases: 0/4
2026-05-01 18:20:21,357 [INFO] Total time: 0:00:00.009330
2026-05-01 18:20:21,357 [INFO]   phase1_endgame_puzzles (v5.0): ❌ INCOMPLETE
2026-05-01 18:20:21,357 [INFO]   phase2_opening_theory (v5.1): ❌ INCOMPLETE
2026-05-01 18:20:21,357 [INFO]   phase3_master_games (v5.2): ❌ INCOMPLETE
2026-05-01 18:20:21,357 [INFO]   phase4_positional (v5.3): ❌ INCOMPLETE
2026-05-01 18:20:21,357 [INFO] ================================================================================
2026-05-01 18:20:21,358 [WARNING] ⚠️  Some phases incomplete
2026-05-01 18:21:21,757 [INFO] ================================================================================
2026-05-01 18:21:21,758 [INFO] 🚀 V7P3R AI 48-Hour Training Orchestrator
2026-05-01 18:21:21,758 [INFO] ================================================================================
2026-05-01 18:21:21,758 [INFO] Start time: 2026-05-01 18:21:21.757436
2026-05-01 18:21:21,759 [INFO] Target duration: 2 days, 0:00:00
2026-05-01 18:21:21,759 [INFO] Auto-recover: True
2026-05-01 18:21:21,759 [INFO] TensorBoard: True
2026-05-01 18:21:21,760 [INFO] ================================================================================
2026-05-01 18:21:21,760 [INFO] 📊 TensorBoard started on http://0.0.0.0:6006
2026-05-01 18:21:21,761 [INFO] Loaded state: Phase 0
2026-05-01 18:21:21,761 [INFO] 🚀 Starting phase1_endgame_puzzles: Endgame expansion + themed puzzles
2026-05-01 18:21:21,762 [WARNING] Data source not found: endgame_pgns
2026-05-01 18:21:21,762 [INFO] Required data not available, running extraction...
2026-05-01 18:21:21,762 [INFO] Running data extraction for phase1_endgame_puzzles...
2026-05-01 18:21:21,762 [WARNING] Extraction script not found: scripts/extract_endgame_positions.py
2026-05-01 18:21:21,763 [WARNING] Extraction script not found: scripts/extract_themed_puzzles.py
2026-05-01 18:21:21,764 [ERROR] ❌ phase1_endgame_puzzles failed after 3 attempts
2026-05-01 18:21:21,764 [ERROR] Phase phase1_endgame_puzzles failed, stopping orchestration
2026-05-01 18:21:21,764 [INFO] ================================================================================
2026-05-01 18:21:21,764 [INFO] 📋 Training Summary
2026-05-01 18:21:21,765 [INFO] ================================================================================
2026-05-01 18:21:21,765 [INFO] Completed phases: 0/4
2026-05-01 18:21:21,765 [INFO] Total time: 0:00:00.008172
2026-05-01 18:21:21,765 [INFO]   phase1_endgame_puzzles (v5.0): ❌ INCOMPLETE
2026-05-01 18:21:21,766 [INFO]   phase2_opening_theory (v5.1): ❌ INCOMPLETE
2026-05-01 18:21:21,766 [INFO]   phase3_master_games (v5.2): ❌ INCOMPLETE
2026-05-01 18:21:21,766 [INFO]   phase4_positional (v5.3): ❌ INCOMPLETE
2026-05-01 18:21:21,766 [INFO] ================================================================================
2026-05-01 18:21:21,766 [WARNING] ⚠️  Some phases incomplete
2026-05-01 18:22:22,177 [INFO] ================================================================================
2026-05-01 18:22:22,178 [INFO] 🚀 V7P3R AI 48-Hour Training Orchestrator
2026-05-01 18:22:22,178 [INFO] ================================================================================
2026-05-01 18:22:22,179 [INFO] Start time: 2026-05-01 18:22:22.177864
2026-05-01 18:22:22,179 [INFO] Target duration: 2 days, 0:00:00
2026-05-01 18:22:22,179 [INFO] Auto-recover: True
2026-05-01 18:22:22,180 [INFO] TensorBoard: True
2026-05-01 18:22:22,180 [INFO] ================================================================================
2026-05-01 18:22:22,181 [INFO] 📊 TensorBoard started on http://0.0.0.0:6006
2026-05-01 18:22:22,182 [INFO] Loaded state: Phase 0
2026-05-01 18:22:22,182 [INFO] 🚀 Starting phase1_endgame_puzzles: Endgame expansion + themed puzzles
2026-05-01 18:22:22,183 [WARNING] Data source not found: endgame_pgns
2026-05-01 18:22:22,183 [INFO] Required data not available, running extraction...
2026-05-01 18:22:22,183 [INFO] Running data extraction for phase1_endgame_puzzles...
2026-05-01 18:22:22,183 [WARNING] Extraction script not found: scripts/extract_endgame_positions.py
2026-05-01 18:22:22,184 [WARNING] Extraction script not found: scripts/extract_themed_puzzles.py
2026-05-01 18:22:22,185 [ERROR] ❌ phase1_endgame_puzzles failed after 3 attempts
2026-05-01 18:22:22,185 [ERROR] Phase phase1_endgame_puzzles failed, stopping orchestration
2026-05-01 18:22:22,185 [INFO] ================================================================================
2026-05-01 18:22:22,185 [INFO] 📋 Training Summary
2026-05-01 18:22:22,186 [INFO] ================================================================================
2026-05-01 18:22:22,186 [INFO] Completed phases: 0/4
2026-05-01 18:22:22,186 [INFO] Total time: 0:00:00.008663
2026-05-01 18:22:22,186 [INFO]   phase1_endgame_puzzles (v5.0): ❌ INCOMPLETE
2026-05-01 18:22:22,186 [INFO]   phase2_opening_theory (v5.1): ❌ INCOMPLETE
2026-05-01 18:22:22,187 [INFO]   phase3_master_games (v5.2): ❌ INCOMPLETE
2026-05-01 18:22:22,187 [INFO]   phase4_positional (v5.3): ❌ INCOMPLETE
2026-05-01 18:22:22,187 [INFO] ================================================================================
2026-05-01 18:22:22,208 [WARNING] ⚠️  Some phases incomplete
2026-05-01 18:23:22,594 [INFO] ================================================================================
2026-05-01 18:23:22,595 [INFO] 🚀 V7P3R AI 48-Hour Training Orchestrator
2026-05-01 18:23:22,596 [INFO] ================================================================================
2026-05-01 18:23:22,596 [INFO] Start time: 2026-05-01 18:23:22.594581
2026-05-01 18:23:22,596 [INFO] Target duration: 2 days, 0:00:00
2026-05-01 18:23:22,597 [INFO] Auto-recover: True
2026-05-01 18:23:22,597 [INFO] TensorBoard: True
2026-05-01 18:23:22,598 [INFO] ================================================================================
2026-05-01 18:23:22,598 [INFO] 📊 TensorBoard started on http://0.0.0.0:6006
2026-05-01 18:23:22,599 [INFO] Loaded state: Phase 0
2026-05-01 18:23:22,599 [INFO] 🚀 Starting phase1_endgame_puzzles: Endgame expansion + themed puzzles
2026-05-01 18:23:22,600 [WARNING] Data source not found: endgame_pgns
2026-05-01 18:23:22,600 [INFO] Required data not available, running extraction...
2026-05-01 18:23:22,600 [INFO] Running data extraction for phase1_endgame_puzzles...
2026-05-01 18:23:22,601 [WARNING] Extraction script not found: scripts/extract_endgame_positions.py
2026-05-01 18:23:22,601 [WARNING] Extraction script not found: scripts/extract_themed_puzzles.py
2026-05-01 18:23:22,602 [ERROR] ❌ phase1_endgame_puzzles failed after 3 attempts
2026-05-01 18:23:22,602 [ERROR] Phase phase1_endgame_puzzles failed, stopping orchestration
2026-05-01 18:23:22,602 [INFO] ================================================================================
2026-05-01 18:23:22,603 [INFO] 📋 Training Summary
2026-05-01 18:23:22,603 [INFO] ================================================================================
2026-05-01 18:23:22,603 [INFO] Completed phases: 0/4
2026-05-01 18:23:22,603 [INFO] Total time: 0:00:00.008991
2026-05-01 18:23:22,603 [INFO]   phase1_endgame_puzzles (v5.0): ❌ INCOMPLETE
2026-05-01 18:23:22,603 [INFO]   phase2_opening_theory (v5.1): ❌ INCOMPLETE
2026-05-01 18:23:22,604 [INFO]   phase3_master_games (v5.2): ❌ INCOMPLETE
2026-05-01 18:23:22,604 [INFO]   phase4_positional (v5.3): ❌ INCOMPLETE
2026-05-01 18:23:22,604 [INFO] ================================================================================
2026-05-01 18:23:22,604 [WARNING] ⚠️  Some phases incomplete
2026-05-01 18:24:23,002 [INFO] ================================================================================
2026-05-01 18:24:23,002 [INFO] 🚀 V7P3R AI 48-Hour Training Orchestrator
2026-05-01 18:24:23,002 [INFO] ================================================================================
2026-05-01 18:24:23,002 [INFO] Start time: 2026-05-01 18:24:23.002044
2026-05-01 18:24:23,003 [INFO] Target duration: 2 days, 0:00:00
2026-05-01 18:24:23,003 [INFO] Auto-recover: True
2026-05-01 18:24:23,003 [INFO] TensorBoard: True
2026-05-01 18:24:23,003 [INFO] ================================================================================
2026-05-01 18:24:23,004 [INFO] 📊 TensorBoard started on http://0.0.0.0:6006
2026-05-01 18:24:23,004 [INFO] Loaded state: Phase 0
2026-05-01 18:24:23,004 [INFO] 🚀 Starting phase1_endgame_puzzles: Endgame expansion + themed puzzles
2026-05-01 18:24:23,005 [WARNING] Data source not found: endgame_pgns
2026-05-01 18:24:23,005 [INFO] Required data not available, running extraction...
2026-05-01 18:24:23,005 [INFO] Running data extraction for phase1_endgame_puzzles...
2026-05-01 18:24:23,005 [WARNING] Extraction script not found: scripts/extract_endgame_positions.py
2026-05-01 18:24:23,006 [WARNING] Extraction script not found: scripts/extract_themed_puzzles.py
2026-05-01 18:24:23,007 [ERROR] ❌ phase1_endgame_puzzles failed after 3 attempts
2026-05-01 18:24:23,007 [ERROR] Phase phase1_endgame_puzzles failed, stopping orchestration
2026-05-01 18:24:23,008 [INFO] ================================================================================
2026-05-01 18:24:23,008 [INFO] 📋 Training Summary
2026-05-01 18:24:23,008 [INFO] ================================================================================
2026-05-01 18:24:23,008 [INFO] Completed phases: 0/4
2026-05-01 18:24:23,009 [INFO] Total time: 0:00:00.007172
2026-05-01 18:24:23,009 [INFO]   phase1_endgame_puzzles (v5.0): ❌ INCOMPLETE
2026-05-01 18:24:23,009 [INFO]   phase2_opening_theory (v5.1): ❌ INCOMPLETE
2026-05-01 18:24:23,009 [INFO]   phase3_master_games (v5.2): ❌ INCOMPLETE
2026-05-01 18:24:23,010 [INFO]   phase4_positional (v5.3): ❌ INCOMPLETE
2026-05-01 18:24:23,010 [INFO] ================================================================================
2026-05-01 18:24:23,010 [WARNING] ⚠️  Some phases incomplete
2026-05-01 18:25:23,383 [INFO] ================================================================================
2026-05-01 18:25:23,384 [INFO] 🚀 V7P3R AI 48-Hour Training Orchestrator
2026-05-01 18:25:23,384 [INFO] ================================================================================
2026-05-01 18:25:23,384 [INFO] Start time: 2026-05-01 18:25:23.383424
2026-05-01 18:25:23,385 [INFO] Target duration: 2 days, 0:00:00
2026-05-01 18:25:23,385 [INFO] Auto-recover: True
2026-05-01 18:25:23,386 [INFO] TensorBoard: True
2026-05-01 18:25:23,386 [INFO] ================================================================================
2026-05-01 18:25:23,387 [INFO] 📊 TensorBoard started on http://0.0.0.0:6006
2026-05-01 18:25:23,392 [INFO] Loaded state: Phase 0
2026-05-01 18:25:23,393 [INFO] 🚀 Starting phase1_endgame_puzzles: Endgame expansion + themed puzzles
2026-05-01 18:25:23,394 [WARNING] Data source not found: endgame_pgns
2026-05-01 18:25:23,394 [INFO] Required data not available, running extraction...
2026-05-01 18:25:23,395 [INFO] Running data extraction for phase1_endgame_puzzles...
2026-05-01 18:25:23,395 [WARNING] Extraction script not found: scripts/extract_endgame_positions.py
2026-05-01 18:25:23,396 [WARNING] Extraction script not found: scripts/extract_themed_puzzles.py
2026-05-01 18:25:23,397 [ERROR] ❌ phase1_endgame_puzzles failed after 3 attempts
2026-05-01 18:25:23,397 [ERROR] Phase phase1_endgame_puzzles failed, stopping orchestration
2026-05-01 18:25:23,398 [INFO] ================================================================================
2026-05-01 18:25:23,398 [INFO] 📋 Training Summary
2026-05-01 18:25:23,398 [INFO] ================================================================================
2026-05-01 18:25:23,398 [INFO] Completed phases: 0/4
2026-05-01 18:25:23,399 [INFO] Total time: 0:00:00.015741
2026-05-01 18:25:23,399 [INFO]   phase1_endgame_puzzles (v5.0): ❌ INCOMPLETE
2026-05-01 18:25:23,399 [INFO]   phase2_opening_theory (v5.1): ❌ INCOMPLETE
2026-05-01 18:25:23,399 [INFO]   phase3_master_games (v5.2): ❌ INCOMPLETE
2026-05-01 18:25:23,400 [INFO]   phase4_positional (v5.3): ❌ INCOMPLETE
2026-05-01 18:25:23,400 [INFO] ================================================================================
2026-05-01 18:25:23,400 [WARNING] ⚠️  Some phases incomplete
2026-05-01 18:26:23,854 [INFO] ================================================================================
2026-05-01 18:26:23,854 [INFO] 🚀 V7P3R AI 48-Hour Training Orchestrator
2026-05-01 18:26:23,855 [INFO] ================================================================================
2026-05-01 18:26:23,855 [INFO] Start time: 2026-05-01 18:26:23.854263
2026-05-01 18:26:23,856 [INFO] Target duration: 2 days, 0:00:00
2026-05-01 18:26:23,856 [INFO] Auto-recover: True
2026-05-01 18:26:23,856 [INFO] TensorBoard: True
2026-05-01 18:26:23,857 [INFO] ================================================================================
2026-05-01 18:26:23,858 [INFO] 📊 TensorBoard started on http://0.0.0.0:6006
2026-05-01 18:26:23,858 [INFO] Loaded state: Phase 0
2026-05-01 18:26:23,859 [INFO] 🚀 Starting phase1_endgame_puzzles: Endgame expansion + themed puzzles
2026-05-01 18:26:23,859 [WARNING] Data source not found: endgame_pgns
2026-05-01 18:26:23,859 [INFO] Required data not available, running extraction...
2026-05-01 18:26:23,860 [INFO] Running data extraction for phase1_endgame_puzzles...
2026-05-01 18:26:23,861 [WARNING] Extraction script not found: scripts/extract_endgame_positions.py
2026-05-01 18:26:23,861 [WARNING] Extraction script not found: scripts/extract_themed_puzzles.py
2026-05-01 18:26:23,863 [ERROR] ❌ phase1_endgame_puzzles failed after 3 attempts
2026-05-01 18:26:23,864 [ERROR] Phase phase1_endgame_puzzles failed, stopping orchestration
2026-05-01 18:26:23,864 [INFO] ================================================================================
2026-05-01 18:26:23,865 [INFO] 📋 Training Summary
2026-05-01 18:26:23,865 [INFO] ================================================================================
2026-05-01 18:26:23,865 [INFO] Completed phases: 0/4
2026-05-01 18:26:23,866 [INFO] Total time: 0:00:00.011791
2026-05-01 18:26:23,866 [INFO]   phase1_endgame_puzzles (v5.0): ❌ INCOMPLETE
2026-05-01 18:26:23,867 [INFO]   phase2_opening_theory (v5.1): ❌ INCOMPLETE
2026-05-01 18:26:23,867 [INFO]   phase3_master_games (v5.2): ❌ INCOMPLETE
2026-05-01 18:26:23,868 [INFO]   phase4_positional (v5.3): ❌ INCOMPLETE
2026-05-01 18:26:23,868 [INFO] ================================================================================
2026-05-01 18:26:23,869 [WARNING] ⚠️  Some phases incomplete
2026-05-01 18:27:24,287 [INFO] ================================================================================
2026-05-01 18:27:24,287 [INFO] 🚀 V7P3R AI 48-Hour Training Orchestrator
2026-05-01 18:27:24,288 [INFO] ================================================================================
2026-05-01 18:27:24,288 [INFO] Start time: 2026-05-01 18:27:24.287291
2026-05-01 18:27:24,289 [INFO] Target duration: 2 days, 0:00:00
2026-05-01 18:27:24,289 [INFO] Auto-recover: True
2026-05-01 18:27:24,290 [INFO] TensorBoard: True
2026-05-01 18:27:24,290 [INFO] ================================================================================
2026-05-01 18:27:24,291 [INFO] 📊 TensorBoard started on http://0.0.0.0:6006
2026-05-01 18:27:24,291 [INFO] Loaded state: Phase 0
2026-05-01 18:27:24,292 [INFO] 🚀 Starting phase1_endgame_puzzles: Endgame expansion + themed puzzles
2026-05-01 18:27:24,292 [WARNING] Data source not found: endgame_pgns
2026-05-01 18:27:24,293 [INFO] Required data not available, running extraction...
2026-05-01 18:27:24,293 [INFO] Running data extraction for phase1_endgame_puzzles...
2026-05-01 18:27:24,293 [WARNING] Extraction script not found: scripts/extract_endgame_positions.py
2026-05-01 18:27:24,293 [WARNING] Extraction script not found: scripts/extract_themed_puzzles.py
2026-05-01 18:27:24,294 [ERROR] ❌ phase1_endgame_puzzles failed after 3 attempts
2026-05-01 18:27:24,294 [ERROR] Phase phase1_endgame_puzzles failed, stopping orchestration
2026-05-01 18:27:24,295 [INFO] ================================================================================
2026-05-01 18:27:24,295 [INFO] 📋 Training Summary
2026-05-01 18:27:24,295 [INFO] ================================================================================
2026-05-01 18:27:24,295 [INFO] Completed phases: 0/4
2026-05-01 18:27:24,295 [INFO] Total time: 0:00:00.008416
2026-05-01 18:27:24,295 [INFO]   phase1_endgame_puzzles (v5.0): ❌ INCOMPLETE
2026-05-01 18:27:24,296 [INFO]   phase2_opening_theory (v5.1): ❌ INCOMPLETE
2026-05-01 18:27:24,296 [INFO]   phase3_master_games (v5.2): ❌ INCOMPLETE
2026-05-01 18:27:24,296 [INFO]   phase4_positional (v5.3): ❌ INCOMPLETE
2026-05-01 18:27:24,296 [INFO] ================================================================================
2026-05-01 18:27:24,296 [WARNING] ⚠️  Some phases incomplete
2026-05-01 18:28:24,688 [INFO] ================================================================================
2026-05-01 18:28:24,688 [INFO] 🚀 V7P3R AI 48-Hour Training Orchestrator
2026-05-01 18:28:24,689 [INFO] ================================================================================
2026-05-01 18:28:24,689 [INFO] Start time: 2026-05-01 18:28:24.688032
2026-05-01 18:28:24,690 [INFO] Target duration: 2 days, 0:00:00
2026-05-01 18:28:24,690 [INFO] Auto-recover: True
2026-05-01 18:28:24,691 [INFO] TensorBoard: True
2026-05-01 18:28:24,691 [INFO] ================================================================================
2026-05-01 18:28:24,692 [INFO] 📊 TensorBoard started on http://0.0.0.0:6006
2026-05-01 18:28:24,692 [INFO] Loaded state: Phase 0
2026-05-01 18:28:24,693 [INFO] 🚀 Starting phase1_endgame_puzzles: Endgame expansion + themed puzzles
2026-05-01 18:28:24,693 [WARNING] Data source not found: endgame_pgns
2026-05-01 18:28:24,693 [INFO] Required data not available, running extraction...
2026-05-01 18:28:24,694 [INFO] Running data extraction for phase1_endgame_puzzles...
2026-05-01 18:28:24,694 [WARNING] Extraction script not found: scripts/extract_endgame_positions.py
2026-05-01 18:28:24,694 [WARNING] Extraction script not found: scripts/extract_themed_puzzles.py
2026-05-01 18:28:24,695 [ERROR] ❌ phase1_endgame_puzzles failed after 3 attempts
2026-05-01 18:28:24,695 [ERROR] Phase phase1_endgame_puzzles failed, stopping orchestration
2026-05-01 18:28:24,696 [INFO] ================================================================================
2026-05-01 18:28:24,696 [INFO] 📋 Training Summary
2026-05-01 18:28:24,696 [INFO] ================================================================================
2026-05-01 18:28:24,696 [INFO] Completed phases: 0/4
2026-05-01 18:28:24,696 [INFO] Total time: 0:00:00.008684
2026-05-01 18:28:24,696 [INFO]   phase1_endgame_puzzles (v5.0): ❌ INCOMPLETE
2026-05-01 18:28:24,697 [INFO]   phase2_opening_theory (v5.1): ❌ INCOMPLETE
2026-05-01 18:28:24,697 [INFO]   phase3_master_games (v5.2): ❌ INCOMPLETE
2026-05-01 18:28:24,697 [INFO]   phase4_positional (v5.3): ❌ INCOMPLETE
2026-05-01 18:28:24,697 [INFO] ================================================================================
2026-05-01 18:28:24,697 [WARNING] ⚠️  Some phases incomplete
2026-05-01 18:29:25,126 [INFO] ================================================================================
2026-05-01 18:29:25,127 [INFO] 🚀 V7P3R AI 48-Hour Training Orchestrator
2026-05-01 18:29:25,127 [INFO] ================================================================================
2026-05-01 18:29:25,128 [INFO] Start time: 2026-05-01 18:29:25.126549
2026-05-01 18:29:25,128 [INFO] Target duration: 2 days, 0:00:00
2026-05-01 18:29:25,128 [INFO] Auto-recover: True
2026-05-01 18:29:25,129 [INFO] TensorBoard: True
2026-05-01 18:29:25,129 [INFO] ================================================================================
2026-05-01 18:29:25,130 [INFO] 📊 TensorBoard started on http://0.0.0.0:6006
2026-05-01 18:29:25,134 [INFO] Loaded state: Phase 0
2026-05-01 18:29:25,135 [INFO] 🚀 Starting phase1_endgame_puzzles: Endgame expansion + themed puzzles
2026-05-01 18:29:25,136 [WARNING] Data source not found: endgame_pgns
2026-05-01 18:29:25,136 [INFO] Required data not available, running extraction...
2026-05-01 18:29:25,137 [INFO] Running data extraction for phase1_endgame_puzzles...
2026-05-01 18:29:25,137 [WARNING] Extraction script not found: scripts/extract_endgame_positions.py
2026-05-01 18:29:25,137 [WARNING] Extraction script not found: scripts/extract_themed_puzzles.py
2026-05-01 18:29:25,139 [ERROR] ❌ phase1_endgame_puzzles failed after 3 attempts
2026-05-01 18:29:25,139 [ERROR] Phase phase1_endgame_puzzles failed, stopping orchestration
2026-05-01 18:29:25,139 [INFO] ================================================================================
2026-05-01 18:29:25,140 [INFO] 📋 Training Summary
2026-05-01 18:29:25,140 [INFO] ================================================================================
2026-05-01 18:29:25,140 [INFO] Completed phases: 0/4
2026-05-01 18:29:25,140 [INFO] Total time: 0:00:00.014395
2026-05-01 18:29:25,141 [INFO]   phase1_endgame_puzzles (v5.0): ❌ INCOMPLETE
2026-05-01 18:29:25,141 [INFO]   phase2_opening_theory (v5.1): ❌ INCOMPLETE
2026-05-01 18:29:25,141 [INFO]   phase3_master_games (v5.2): ❌ INCOMPLETE
2026-05-01 18:29:25,156 [INFO]   phase4_positional (v5.3): ❌ INCOMPLETE
2026-05-01 18:29:25,156 [INFO] ================================================================================
2026-05-01 18:29:25,157 [WARNING] ⚠️  Some phases incomplete
2026-05-01 18:30:25,574 [INFO] ================================================================================
2026-05-01 18:30:25,575 [INFO] 🚀 V7P3R AI 48-Hour Training Orchestrator
2026-05-01 18:30:25,575 [INFO] ================================================================================
2026-05-01 18:30:25,576 [INFO] Start time: 2026-05-01 18:30:25.574691
2026-05-01 18:30:25,576 [INFO] Target duration: 2 days, 0:00:00
2026-05-01 18:30:25,576 [INFO] Auto-recover: True
2026-05-01 18:30:25,577 [INFO] TensorBoard: True
2026-05-01 18:30:25,577 [INFO] ================================================================================
2026-05-01 18:30:25,578 [INFO] 📊 TensorBoard started on http://0.0.0.0:6006
2026-05-01 18:30:25,583 [INFO] Loaded state: Phase 0
2026-05-01 18:30:25,584 [INFO] 🚀 Starting phase1_endgame_puzzles: Endgame expansion + themed puzzles
2026-05-01 18:30:25,585 [WARNING] Data source not found: endgame_pgns
2026-05-01 18:30:25,585 [INFO] Required data not available, running extraction...
2026-05-01 18:30:25,585 [INFO] Running data extraction for phase1_endgame_puzzles...
2026-05-01 18:30:25,586 [WARNING] Extraction script not found: scripts/extract_endgame_positions.py
2026-05-01 18:30:25,586 [WARNING] Extraction script not found: scripts/extract_themed_puzzles.py
2026-05-01 18:30:25,588 [ERROR] ❌ phase1_endgame_puzzles failed after 3 attempts
2026-05-01 18:30:25,588 [ERROR] Phase phase1_endgame_puzzles failed, stopping orchestration
2026-05-01 18:30:25,588 [INFO] ================================================================================
2026-05-01 18:30:25,589 [INFO] 📋 Training Summary
2026-05-01 18:30:25,589 [INFO] ================================================================================
2026-05-01 18:30:25,589 [INFO] Completed phases: 0/4
2026-05-01 18:30:25,589 [INFO] Total time: 0:00:00.015155
2026-05-01 18:30:25,590 [INFO]   phase1_endgame_puzzles (v5.0): ❌ INCOMPLETE
2026-05-01 18:30:25,590 [INFO]   phase2_opening_theory (v5.1): ❌ INCOMPLETE
2026-05-01 18:30:25,590 [INFO]   phase3_master_games (v5.2): ❌ INCOMPLETE
2026-05-01 18:30:25,590 [INFO]   phase4_positional (v5.3): ❌ INCOMPLETE
2026-05-01 18:30:25,590 [INFO] ================================================================================
2026-05-01 18:30:25,591 [WARNING] ⚠️  Some phases incomplete
2026-05-01 18:31:26,013 [INFO] ================================================================================
2026-05-01 18:31:26,013 [INFO] 🚀 V7P3R AI 48-Hour Training Orchestrator
2026-05-01 18:31:26,013 [INFO] ================================================================================
2026-05-01 18:31:26,014 [INFO] Start time: 2026-05-01 18:31:26.013108
2026-05-01 18:31:26,014 [INFO] Target duration: 2 days, 0:00:00
2026-05-01 18:31:26,015 [INFO] Auto-recover: True
2026-05-01 18:31:26,015 [INFO] TensorBoard: True
2026-05-01 18:31:26,015 [INFO] ================================================================================
2026-05-01 18:31:26,016 [INFO] 📊 TensorBoard started on http://0.0.0.0:6006
2026-05-01 18:31:26,017 [INFO] Loaded state: Phase 0
2026-05-01 18:31:26,017 [INFO] 🚀 Starting phase1_endgame_puzzles: Endgame expansion + themed puzzles
2026-05-01 18:31:26,018 [WARNING] Data source not found: endgame_pgns
2026-05-01 18:31:26,018 [INFO] Required data not available, running extraction...
2026-05-01 18:31:26,018 [INFO] Running data extraction for phase1_endgame_puzzles...
2026-05-01 18:31:26,018 [WARNING] Extraction script not found: scripts/extract_endgame_positions.py
2026-05-01 18:31:26,019 [WARNING] Extraction script not found: scripts/extract_themed_puzzles.py
2026-05-01 18:31:26,020 [ERROR] ❌ phase1_endgame_puzzles failed after 3 attempts
2026-05-01 18:31:26,020 [ERROR] Phase phase1_endgame_puzzles failed, stopping orchestration
2026-05-01 18:31:26,021 [INFO] ================================================================================
2026-05-01 18:31:26,021 [INFO] 📋 Training Summary
2026-05-01 18:31:26,021 [INFO] ================================================================================
2026-05-01 18:31:26,022 [INFO] Completed phases: 0/4
2026-05-01 18:31:26,022 [INFO] Total time: 0:00:00.009331
2026-05-01 18:31:26,022 [INFO]   phase1_endgame_puzzles (v5.0): ❌ INCOMPLETE
2026-05-01 18:31:26,022 [INFO]   phase2_opening_theory (v5.1): ❌ INCOMPLETE
2026-05-01 18:31:26,023 [INFO]   phase3_master_games (v5.2): ❌ INCOMPLETE
2026-05-01 18:31:26,023 [INFO]   phase4_positional (v5.3): ❌ INCOMPLETE
2026-05-01 18:31:26,023 [INFO] ================================================================================
2026-05-01 18:31:26,023 [WARNING] ⚠️  Some phases incomplete
2026-05-01 18:32:26,411 [INFO] ================================================================================
2026-05-01 18:32:26,411 [INFO] 🚀 V7P3R AI 48-Hour Training Orchestrator
2026-05-01 18:32:26,412 [INFO] ================================================================================
2026-05-01 18:32:26,412 [INFO] Start time: 2026-05-01 18:32:26.411023
2026-05-01 18:32:26,413 [INFO] Target duration: 2 days, 0:00:00
2026-05-01 18:32:26,413 [INFO] Auto-recover: True
2026-05-01 18:32:26,414 [INFO] TensorBoard: True
2026-05-01 18:32:26,414 [INFO] ================================================================================
2026-05-01 18:32:26,415 [INFO] 📊 TensorBoard started on http://0.0.0.0:6006
2026-05-01 18:32:26,415 [INFO] Loaded state: Phase 0
2026-05-01 18:32:26,415 [INFO] 🚀 Starting phase1_endgame_puzzles: Endgame expansion + themed puzzles
2026-05-01 18:32:26,416 [WARNING] Data source not found: endgame_pgns
2026-05-01 18:32:26,416 [INFO] Required data not available, running extraction...
2026-05-01 18:32:26,416 [INFO] Running data extraction for phase1_endgame_puzzles...
2026-05-01 18:32:26,417 [WARNING] Extraction script not found: scripts/extract_endgame_positions.py
2026-05-01 18:32:26,417 [WARNING] Extraction script not found: scripts/extract_themed_puzzles.py
2026-05-01 18:32:26,418 [ERROR] ❌ phase1_endgame_puzzles failed after 3 attempts
2026-05-01 18:32:26,418 [ERROR] Phase phase1_endgame_puzzles failed, stopping orchestration
2026-05-01 18:32:26,418 [INFO] ================================================================================
2026-05-01 18:32:26,418 [INFO] 📋 Training Summary
2026-05-01 18:32:26,418 [INFO] ================================================================================
2026-05-01 18:32:26,419 [INFO] Completed phases: 0/4
2026-05-01 18:32:26,419 [INFO] Total time: 0:00:00.008219
2026-05-01 18:32:26,419 [INFO]   phase1_endgame_puzzles (v5.0): ❌ INCOMPLETE
2026-05-01 18:32:26,419 [INFO]   phase2_opening_theory (v5.1): ❌ INCOMPLETE
2026-05-01 18:32:26,419 [INFO]   phase3_master_games (v5.2): ❌ INCOMPLETE
2026-05-01 18:32:26,419 [INFO]   phase4_positional (v5.3): ❌ INCOMPLETE
2026-05-01 18:32:26,420 [INFO] ================================================================================
2026-05-01 18:32:26,420 [WARNING] ⚠️  Some phases incomplete
2026-05-01 18:33:26,784 [INFO] ================================================================================
2026-05-01 18:33:26,785 [INFO] 🚀 V7P3R AI 48-Hour Training Orchestrator
2026-05-01 18:33:26,786 [INFO] ================================================================================
2026-05-01 18:33:26,786 [INFO] Start time: 2026-05-01 18:33:26.784647
2026-05-01 18:33:26,786 [INFO] Target duration: 2 days, 0:00:00
2026-05-01 18:33:26,787 [INFO] Auto-recover: True
2026-05-01 18:33:26,787 [INFO] TensorBoard: True
2026-05-01 18:33:26,788 [INFO] ================================================================================
2026-05-01 18:33:26,789 [INFO] 📊 TensorBoard started on http://0.0.0.0:6006
2026-05-01 18:33:26,789 [INFO] Loaded state: Phase 0
2026-05-01 18:33:26,790 [INFO] 🚀 Starting phase1_endgame_puzzles: Endgame expansion + themed puzzles
2026-05-01 18:33:26,803 [WARNING] Data source not found: endgame_pgns
2026-05-01 18:33:26,804 [INFO] Required data not available, running extraction...
2026-05-01 18:33:26,804 [INFO] Running data extraction for phase1_endgame_puzzles...
2026-05-01 18:33:26,805 [WARNING] Extraction script not found: scripts/extract_endgame_positions.py
2026-05-01 18:33:26,805 [WARNING] Extraction script not found: scripts/extract_themed_puzzles.py
2026-05-01 18:33:26,807 [ERROR] ❌ phase1_endgame_puzzles failed after 3 attempts
2026-05-01 18:33:26,808 [ERROR] Phase phase1_endgame_puzzles failed, stopping orchestration
2026-05-01 18:33:26,808 [INFO] ================================================================================
2026-05-01 18:33:26,808 [INFO] 📋 Training Summary
2026-05-01 18:33:26,809 [INFO] ================================================================================
2026-05-01 18:33:26,809 [INFO] Completed phases: 0/4
2026-05-01 18:33:26,809 [INFO] Total time: 0:00:00.024846
2026-05-01 18:33:26,809 [INFO]   phase1_endgame_puzzles (v5.0): ❌ INCOMPLETE
2026-05-01 18:33:26,809 [INFO]   phase2_opening_theory (v5.1): ❌ INCOMPLETE
2026-05-01 18:33:26,810 [INFO]   phase3_master_games (v5.2): ❌ INCOMPLETE
2026-05-01 18:33:26,810 [INFO]   phase4_positional (v5.3): ❌ INCOMPLETE
2026-05-01 18:33:26,810 [INFO] ================================================================================
2026-05-01 18:33:26,810 [WARNING] ⚠️  Some phases incomplete
2026-05-01 18:34:27,199 [INFO] ================================================================================
2026-05-01 18:34:27,199 [INFO] 🚀 V7P3R AI 48-Hour Training Orchestrator
2026-05-01 18:34:27,199 [INFO] ================================================================================
2026-05-01 18:34:27,200 [INFO] Start time: 2026-05-01 18:34:27.198954
2026-05-01 18:34:27,200 [INFO] Target duration: 2 days, 0:00:00
2026-05-01 18:34:27,200 [INFO] Auto-recover: True
2026-05-01 18:34:27,200 [INFO] TensorBoard: True
2026-05-01 18:34:27,201 [INFO] ================================================================================
2026-05-01 18:34:27,201 [INFO] 📊 TensorBoard started on http://0.0.0.0:6006
2026-05-01 18:34:27,202 [INFO] Loaded state: Phase 0
2026-05-01 18:34:27,202 [INFO] 🚀 Starting phase1_endgame_puzzles: Endgame expansion + themed puzzles
2026-05-01 18:34:27,202 [WARNING] Data source not found: endgame_pgns
2026-05-01 18:34:27,202 [INFO] Required data not available, running extraction...
2026-05-01 18:34:27,203 [INFO] Running data extraction for phase1_endgame_puzzles...
2026-05-01 18:34:27,203 [WARNING] Extraction script not found: scripts/extract_endgame_positions.py
2026-05-01 18:34:27,203 [WARNING] Extraction script not found: scripts/extract_themed_puzzles.py
2026-05-01 18:34:27,204 [ERROR] ❌ phase1_endgame_puzzles failed after 3 attempts
2026-05-01 18:34:27,204 [ERROR] Phase phase1_endgame_puzzles failed, stopping orchestration
2026-05-01 18:34:27,204 [INFO] ================================================================================
2026-05-01 18:34:27,205 [INFO] 📋 Training Summary
2026-05-01 18:34:27,205 [INFO] ================================================================================
2026-05-01 18:34:27,205 [INFO] Completed phases: 0/4
2026-05-01 18:34:27,205 [INFO] Total time: 0:00:00.006675
2026-05-01 18:34:27,205 [INFO]   phase1_endgame_puzzles (v5.0): ❌ INCOMPLETE
2026-05-01 18:34:27,205 [INFO]   phase2_opening_theory (v5.1): ❌ INCOMPLETE
2026-05-01 18:34:27,206 [INFO]   phase3_master_games (v5.2): ❌ INCOMPLETE
2026-05-01 18:34:27,206 [INFO]   phase4_positional (v5.3): ❌ INCOMPLETE
2026-05-01 18:34:27,206 [INFO] ================================================================================
2026-05-01 18:34:27,206 [WARNING] ⚠️  Some phases incomplete
2026-05-01 18:35:27,583 [INFO] ================================================================================
2026-05-01 18:35:27,584 [INFO] 🚀 V7P3R AI 48-Hour Training Orchestrator
2026-05-01 18:35:27,584 [INFO] ================================================================================
2026-05-01 18:35:27,585 [INFO] Start time: 2026-05-01 18:35:27.583820
2026-05-01 18:35:27,585 [INFO] Target duration: 2 days, 0:00:00
2026-05-01 18:35:27,585 [INFO] Auto-recover: True
2026-05-01 18:35:27,586 [INFO] TensorBoard: True
2026-05-01 18:35:27,586 [INFO] ================================================================================
2026-05-01 18:35:27,587 [INFO] 📊 TensorBoard started on http://0.0.0.0:6006
2026-05-01 18:35:27,587 [INFO] Loaded state: Phase 0
2026-05-01 18:35:27,588 [INFO] 🚀 Starting phase1_endgame_puzzles: Endgame expansion + themed puzzles
2026-05-01 18:35:27,588 [WARNING] Data source not found: endgame_pgns
2026-05-01 18:35:27,588 [INFO] Required data not available, running extraction...
2026-05-01 18:35:27,588 [INFO] Running data extraction for phase1_endgame_puzzles...
2026-05-01 18:35:27,589 [WARNING] Extraction script not found: scripts/extract_endgame_positions.py
2026-05-01 18:35:27,589 [WARNING] Extraction script not found: scripts/extract_themed_puzzles.py
2026-05-01 18:35:27,590 [ERROR] ❌ phase1_endgame_puzzles failed after 3 attempts
2026-05-01 18:35:27,590 [ERROR] Phase phase1_endgame_puzzles failed, stopping orchestration
2026-05-01 18:35:27,590 [INFO] ================================================================================
2026-05-01 18:35:27,590 [INFO] 📋 Training Summary
2026-05-01 18:35:27,590 [INFO] ================================================================================
2026-05-01 18:35:27,591 [INFO] Completed phases: 0/4
2026-05-01 18:35:27,591 [INFO] Total time: 0:00:00.007405
2026-05-01 18:35:27,591 [INFO]   phase1_endgame_puzzles (v5.0): ❌ INCOMPLETE
2026-05-01 18:35:27,591 [INFO]   phase2_opening_theory (v5.1): ❌ INCOMPLETE
2026-05-01 18:35:27,591 [INFO]   phase3_master_games (v5.2): ❌ INCOMPLETE
2026-05-01 18:35:27,591 [INFO]   phase4_positional (v5.3): ❌ INCOMPLETE
2026-05-01 18:35:27,592 [INFO] ================================================================================
2026-05-01 18:35:27,592 [WARNING] ⚠️  Some phases incomplete
2026-05-01 18:36:27,947 [INFO] ================================================================================
2026-05-01 18:36:27,947 [INFO] 🚀 V7P3R AI 48-Hour Training Orchestrator
2026-05-01 18:36:27,948 [INFO] ================================================================================
2026-05-01 18:36:27,948 [INFO] Start time: 2026-05-01 18:36:27.947205
2026-05-01 18:36:27,948 [INFO] Target duration: 2 days, 0:00:00
2026-05-01 18:36:27,949 [INFO] Auto-recover: True
2026-05-01 18:36:27,949 [INFO] TensorBoard: True
2026-05-01 18:36:27,949 [INFO] ================================================================================
2026-05-01 18:36:27,950 [INFO] 📊 TensorBoard started on http://0.0.0.0:6006
2026-05-01 18:36:27,950 [INFO] Loaded state: Phase 0
2026-05-01 18:36:27,951 [INFO] 🚀 Starting phase1_endgame_puzzles: Endgame expansion + themed puzzles
2026-05-01 18:36:27,951 [WARNING] Data source not found: endgame_pgns
2026-05-01 18:36:27,952 [INFO] Required data not available, running extraction...
2026-05-01 18:36:27,952 [INFO] Running data extraction for phase1_endgame_puzzles...
2026-05-01 18:36:27,952 [WARNING] Extraction script not found: scripts/extract_endgame_positions.py
2026-05-01 18:36:27,952 [WARNING] Extraction script not found: scripts/extract_themed_puzzles.py
2026-05-01 18:36:27,953 [ERROR] ❌ phase1_endgame_puzzles failed after 3 attempts
2026-05-01 18:36:27,953 [ERROR] Phase phase1_endgame_puzzles failed, stopping orchestration
2026-05-01 18:36:27,954 [INFO] ================================================================================
2026-05-01 18:36:27,954 [INFO] 📋 Training Summary
2026-05-01 18:36:27,954 [INFO] ================================================================================
2026-05-01 18:36:27,954 [INFO] Completed phases: 0/4
2026-05-01 18:36:27,955 [INFO] Total time: 0:00:00.007809
2026-05-01 18:36:27,955 [INFO]   phase1_endgame_puzzles (v5.0): ❌ INCOMPLETE
2026-05-01 18:36:27,974 [INFO]   phase2_opening_theory (v5.1): ❌ INCOMPLETE
2026-05-01 18:36:27,975 [INFO]   phase3_master_games (v5.2): ❌ INCOMPLETE
2026-05-01 18:36:27,975 [INFO]   phase4_positional (v5.3): ❌ INCOMPLETE
2026-05-01 18:36:27,975 [INFO] ================================================================================
2026-05-01 18:36:27,976 [WARNING] ⚠️  Some phases incomplete
2026-05-01 18:37:28,412 [INFO] ================================================================================
2026-05-01 18:37:28,413 [INFO] 🚀 V7P3R AI 48-Hour Training Orchestrator
2026-05-01 18:37:28,413 [INFO] ================================================================================
2026-05-01 18:37:28,414 [INFO] Start time: 2026-05-01 18:37:28.412462
2026-05-01 18:37:28,414 [INFO] Target duration: 2 days, 0:00:00
2026-05-01 18:37:28,414 [INFO] Auto-recover: True
2026-05-01 18:37:28,415 [INFO] TensorBoard: True
2026-05-01 18:37:28,415 [INFO] ================================================================================
2026-05-01 18:37:28,417 [INFO] 📊 TensorBoard started on http://0.0.0.0:6006
2026-05-01 18:37:28,421 [INFO] Loaded state: Phase 0
2026-05-01 18:37:28,422 [INFO] 🚀 Starting phase1_endgame_puzzles: Endgame expansion + themed puzzles
2026-05-01 18:37:28,422 [WARNING] Data source not found: endgame_pgns
2026-05-01 18:37:28,422 [INFO] Required data not available, running extraction...
2026-05-01 18:37:28,423 [INFO] Running data extraction for phase1_endgame_puzzles...
2026-05-01 18:37:28,423 [WARNING] Extraction script not found: scripts/extract_endgame_positions.py
2026-05-01 18:37:28,423 [WARNING] Extraction script not found: scripts/extract_themed_puzzles.py
2026-05-01 18:37:28,424 [ERROR] ❌ phase1_endgame_puzzles failed after 3 attempts
2026-05-01 18:37:28,424 [ERROR] Phase phase1_endgame_puzzles failed, stopping orchestration
2026-05-01 18:37:28,425 [INFO] ================================================================================
2026-05-01 18:37:28,425 [INFO] 📋 Training Summary
2026-05-01 18:37:28,425 [INFO] ================================================================================
2026-05-01 18:37:28,426 [INFO] Completed phases: 0/4
2026-05-01 18:37:28,426 [INFO] Total time: 0:00:00.014008
2026-05-01 18:37:28,426 [INFO]   phase1_endgame_puzzles (v5.0): ❌ INCOMPLETE
2026-05-01 18:37:28,426 [INFO]   phase2_opening_theory (v5.1): ❌ INCOMPLETE
2026-05-01 18:37:28,427 [INFO]   phase3_master_games (v5.2): ❌ INCOMPLETE
2026-05-01 18:37:28,427 [INFO]   phase4_positional (v5.3): ❌ INCOMPLETE
2026-05-01 18:37:28,427 [INFO] ================================================================================
2026-05-01 18:37:28,428 [WARNING] ⚠️  Some phases incomplete
2026-05-01 18:38:28,891 [INFO] ================================================================================
2026-05-01 18:38:28,892 [INFO] 🚀 V7P3R AI 48-Hour Training Orchestrator
2026-05-01 18:38:28,892 [INFO] ================================================================================
2026-05-01 18:38:28,892 [INFO] Start time: 2026-05-01 18:38:28.891469
2026-05-01 18:38:28,893 [INFO] Target duration: 2 days, 0:00:00
2026-05-01 18:38:28,893 [INFO] Auto-recover: True
2026-05-01 18:38:28,893 [INFO] TensorBoard: True
2026-05-01 18:38:28,893 [INFO] ================================================================================
2026-05-01 18:38:28,894 [INFO] 📊 TensorBoard started on http://0.0.0.0:6006
2026-05-01 18:38:28,894 [INFO] Loaded state: Phase 0
2026-05-01 18:38:28,895 [INFO] 🚀 Starting phase1_endgame_puzzles: Endgame expansion + themed puzzles
2026-05-01 18:38:28,895 [WARNING] Data source not found: endgame_pgns
2026-05-01 18:38:28,895 [INFO] Required data not available, running extraction...
2026-05-01 18:38:28,895 [INFO] Running data extraction for phase1_endgame_puzzles...
2026-05-01 18:38:28,896 [WARNING] Extraction script not found: scripts/extract_endgame_positions.py
2026-05-01 18:38:28,896 [WARNING] Extraction script not found: scripts/extract_themed_puzzles.py
2026-05-01 18:38:28,897 [ERROR] ❌ phase1_endgame_puzzles failed after 3 attempts
2026-05-01 18:38:28,897 [ERROR] Phase phase1_endgame_puzzles failed, stopping orchestration
2026-05-01 18:38:28,898 [INFO] ================================================================================
2026-05-01 18:38:28,898 [INFO] 📋 Training Summary
2026-05-01 18:38:28,898 [INFO] ================================================================================
2026-05-01 18:38:28,898 [INFO] Completed phases: 0/4
2026-05-01 18:38:28,899 [INFO] Total time: 0:00:00.007656
2026-05-01 18:38:28,899 [INFO]   phase1_endgame_puzzles (v5.0): ❌ INCOMPLETE
2026-05-01 18:38:28,899 [INFO]   phase2_opening_theory (v5.1): ❌ INCOMPLETE
2026-05-01 18:38:28,899 [INFO]   phase3_master_games (v5.2): ❌ INCOMPLETE
2026-05-01 18:38:28,899 [INFO]   phase4_positional (v5.3): ❌ INCOMPLETE
2026-05-01 18:38:28,900 [INFO] ================================================================================
2026-05-01 18:38:28,900 [WARNING] ⚠️  Some phases incomplete
2026-05-01 18:39:29,333 [INFO] ================================================================================
2026-05-01 18:39:29,334 [INFO] 🚀 V7P3R AI 48-Hour Training Orchestrator
2026-05-01 18:39:29,334 [INFO] ================================================================================
2026-05-01 18:39:29,334 [INFO] Start time: 2026-05-01 18:39:29.333498
2026-05-01 18:39:29,335 [INFO] Target duration: 2 days, 0:00:00
2026-05-01 18:39:29,335 [INFO] Auto-recover: True
2026-05-01 18:39:29,335 [INFO] TensorBoard: True
2026-05-01 18:39:29,336 [INFO] ================================================================================
2026-05-01 18:39:29,337 [INFO] 📊 TensorBoard started on http://0.0.0.0:6006
2026-05-01 18:39:29,338 [INFO] Loaded state: Phase 0
2026-05-01 18:39:29,339 [INFO] 🚀 Starting phase1_endgame_puzzles: Endgame expansion + themed puzzles
2026-05-01 18:39:29,339 [WARNING] Data source not found: endgame_pgns
2026-05-01 18:39:29,340 [INFO] Required data not available, running extraction...
2026-05-01 18:39:29,340 [INFO] Running data extraction for phase1_endgame_puzzles...
2026-05-01 18:39:29,340 [WARNING] Extraction script not found: scripts/extract_endgame_positions.py
2026-05-01 18:39:29,340 [WARNING] Extraction script not found: scripts/extract_themed_puzzles.py
2026-05-01 18:39:29,342 [ERROR] ❌ phase1_endgame_puzzles failed after 3 attempts
2026-05-01 18:39:29,342 [ERROR] Phase phase1_endgame_puzzles failed, stopping orchestration
2026-05-01 18:39:29,342 [INFO] ================================================================================
2026-05-01 18:39:29,342 [INFO] 📋 Training Summary
2026-05-01 18:39:29,342 [INFO] ================================================================================
2026-05-01 18:39:29,343 [INFO] Completed phases: 0/4
2026-05-01 18:39:29,343 [INFO] Total time: 0:00:00.009827
2026-05-01 18:39:29,343 [INFO]   phase1_endgame_puzzles (v5.0): ❌ INCOMPLETE
2026-05-01 18:39:29,343 [INFO]   phase2_opening_theory (v5.1): ❌ INCOMPLETE
2026-05-01 18:39:29,344 [INFO]   phase3_master_games (v5.2): ❌ INCOMPLETE
2026-05-01 18:39:29,344 [INFO]   phase4_positional (v5.3): ❌ INCOMPLETE
2026-05-01 18:39:29,344 [INFO] ================================================================================
2026-05-01 18:39:29,344 [WARNING] ⚠️  Some phases incomplete
2026-05-01 18:40:29,733 [INFO] ================================================================================
2026-05-01 18:40:29,733 [INFO] 🚀 V7P3R AI 48-Hour Training Orchestrator
2026-05-01 18:40:29,734 [INFO] ================================================================================
2026-05-01 18:40:29,734 [INFO] Start time: 2026-05-01 18:40:29.733012
2026-05-01 18:40:29,734 [INFO] Target duration: 2 days, 0:00:00
2026-05-01 18:40:29,735 [INFO] Auto-recover: True
2026-05-01 18:40:29,735 [INFO] TensorBoard: True
2026-05-01 18:40:29,736 [INFO] ================================================================================
2026-05-01 18:40:29,737 [INFO] 📊 TensorBoard started on http://0.0.0.0:6006
2026-05-01 18:40:29,739 [INFO] Loaded state: Phase 0
2026-05-01 18:40:29,740 [INFO] 🚀 Starting phase1_endgame_puzzles: Endgame expansion + themed puzzles
2026-05-01 18:40:29,741 [WARNING] Data source not found: endgame_pgns
2026-05-01 18:40:29,741 [INFO] Required data not available, running extraction...
2026-05-01 18:40:29,741 [INFO] Running data extraction for phase1_endgame_puzzles...
2026-05-01 18:40:29,741 [WARNING] Extraction script not found: scripts/extract_endgame_positions.py
2026-05-01 18:40:29,742 [WARNING] Extraction script not found: scripts/extract_themed_puzzles.py
2026-05-01 18:40:29,743 [ERROR] ❌ phase1_endgame_puzzles failed after 3 attempts
2026-05-01 18:40:29,743 [ERROR] Phase phase1_endgame_puzzles failed, stopping orchestration
2026-05-01 18:40:29,743 [INFO] ================================================================================
2026-05-01 18:40:29,744 [INFO] 📋 Training Summary
2026-05-01 18:40:29,744 [INFO] ================================================================================
2026-05-01 18:40:29,744 [INFO] Completed phases: 0/4
2026-05-01 18:40:29,744 [INFO] Total time: 0:00:00.011734
2026-05-01 18:40:29,744 [INFO]   phase1_endgame_puzzles (v5.0): ❌ INCOMPLETE
2026-05-01 18:40:29,745 [INFO]   phase2_opening_theory (v5.1): ❌ INCOMPLETE
2026-05-01 18:40:29,745 [INFO]   phase3_master_games (v5.2): ❌ INCOMPLETE
2026-05-01 18:40:29,745 [INFO]   phase4_positional (v5.3): ❌ INCOMPLETE
2026-05-01 18:40:29,745 [INFO] ================================================================================
2026-05-01 18:40:29,745 [WARNING] ⚠️  Some phases incomplete
2026-05-01 18:41:30,144 [INFO] ================================================================================
2026-05-01 18:41:30,145 [INFO] 🚀 V7P3R AI 48-Hour Training Orchestrator
2026-05-01 18:41:30,145 [INFO] ================================================================================
2026-05-01 18:41:30,145 [INFO] Start time: 2026-05-01 18:41:30.144445
2026-05-01 18:41:30,146 [INFO] Target duration: 2 days, 0:00:00
2026-05-01 18:41:30,146 [INFO] Auto-recover: True
2026-05-01 18:41:30,147 [INFO] TensorBoard: True
2026-05-01 18:41:30,147 [INFO] ================================================================================
2026-05-01 18:41:30,148 [INFO] 📊 TensorBoard started on http://0.0.0.0:6006
2026-05-01 18:41:30,148 [INFO] Loaded state: Phase 0
2026-05-01 18:41:30,149 [INFO] 🚀 Starting phase1_endgame_puzzles: Endgame expansion + themed puzzles
2026-05-01 18:41:30,149 [WARNING] Data source not found: endgame_pgns
2026-05-01 18:41:30,149 [INFO] Required data not available, running extraction...
2026-05-01 18:41:30,150 [INFO] Running data extraction for phase1_endgame_puzzles...
2026-05-01 18:41:30,150 [WARNING] Extraction script not found: scripts/extract_endgame_positions.py
2026-05-01 18:41:30,150 [WARNING] Extraction script not found: scripts/extract_themed_puzzles.py
2026-05-01 18:41:30,151 [ERROR] ❌ phase1_endgame_puzzles failed after 3 attempts
2026-05-01 18:41:30,151 [ERROR] Phase phase1_endgame_puzzles failed, stopping orchestration
2026-05-01 18:41:30,152 [INFO] ================================================================================
2026-05-01 18:41:30,152 [INFO] 📋 Training Summary
2026-05-01 18:41:30,152 [INFO] ================================================================================
2026-05-01 18:41:30,153 [INFO] Completed phases: 0/4
2026-05-01 18:41:30,153 [INFO] Total time: 0:00:00.009006
2026-05-01 18:41:30,153 [INFO]   phase1_endgame_puzzles (v5.0): ❌ INCOMPLETE
2026-05-01 18:41:30,153 [INFO]   phase2_opening_theory (v5.1): ❌ INCOMPLETE
2026-05-01 18:41:30,154 [INFO]   phase3_master_games (v5.2): ❌ INCOMPLETE
2026-05-01 18:41:30,154 [INFO]   phase4_positional (v5.3): ❌ INCOMPLETE
2026-05-01 18:41:30,154 [INFO] ================================================================================
2026-05-01 18:41:30,155 [WARNING] ⚠️  Some phases incomplete
2026-05-01 18:42:30,595 [INFO] ================================================================================
2026-05-01 18:42:30,596 [INFO] 🚀 V7P3R AI 48-Hour Training Orchestrator
2026-05-01 18:42:30,596 [INFO] ================================================================================
2026-05-01 18:42:30,597 [INFO] Start time: 2026-05-01 18:42:30.595692
2026-05-01 18:42:30,597 [INFO] Target duration: 2 days, 0:00:00
2026-05-01 18:42:30,597 [INFO] Auto-recover: True
2026-05-01 18:42:30,598 [INFO] TensorBoard: True
2026-05-01 18:42:30,598 [INFO] ================================================================================
2026-05-01 18:42:30,599 [INFO] 📊 TensorBoard started on http://0.0.0.0:6006
2026-05-01 18:42:30,599 [INFO] Loaded state: Phase 0
2026-05-01 18:42:30,600 [INFO] 🚀 Starting phase1_endgame_puzzles: Endgame expansion + themed puzzles
2026-05-01 18:42:30,600 [WARNING] Data source not found: endgame_pgns
2026-05-01 18:42:30,600 [INFO] Required data not available, running extraction...
2026-05-01 18:42:30,601 [INFO] Running data extraction for phase1_endgame_puzzles...
2026-05-01 18:42:30,601 [WARNING] Extraction script not found: scripts/extract_endgame_positions.py
2026-05-01 18:42:30,601 [WARNING] Extraction script not found: scripts/extract_themed_puzzles.py
2026-05-01 18:42:30,602 [ERROR] ❌ phase1_endgame_puzzles failed after 3 attempts
2026-05-01 18:42:30,602 [ERROR] Phase phase1_endgame_puzzles failed, stopping orchestration
2026-05-01 18:42:30,602 [INFO] ================================================================================
2026-05-01 18:42:30,603 [INFO] 📋 Training Summary
2026-05-01 18:42:30,603 [INFO] ================================================================================
2026-05-01 18:42:30,603 [INFO] Completed phases: 0/4
2026-05-01 18:42:30,603 [INFO] Total time: 0:00:00.008123
2026-05-01 18:42:30,604 [INFO]   phase1_endgame_puzzles (v5.0): ❌ INCOMPLETE
2026-05-01 18:42:30,604 [INFO]   phase2_opening_theory (v5.1): ❌ INCOMPLETE
2026-05-01 18:42:30,604 [INFO]   phase3_master_games (v5.2): ❌ INCOMPLETE
2026-05-01 18:42:30,604 [INFO]   phase4_positional (v5.3): ❌ INCOMPLETE
2026-05-01 18:42:30,604 [INFO] ================================================================================
2026-05-01 18:42:30,605 [WARNING] ⚠️  Some phases incomplete
2026-05-01 18:43:31,030 [INFO] ================================================================================
2026-05-01 18:43:31,031 [INFO] 🚀 V7P3R AI 48-Hour Training Orchestrator
2026-05-01 18:43:31,031 [INFO] ================================================================================
2026-05-01 18:43:31,031 [INFO] Start time: 2026-05-01 18:43:31.030703
2026-05-01 18:43:31,032 [INFO] Target duration: 2 days, 0:00:00
2026-05-01 18:43:31,032 [INFO] Auto-recover: True
2026-05-01 18:43:31,032 [INFO] TensorBoard: True
2026-05-01 18:43:31,032 [INFO] ================================================================================
2026-05-01 18:43:31,033 [INFO] 📊 TensorBoard started on http://0.0.0.0:6006
2026-05-01 18:43:31,034 [INFO] Loaded state: Phase 0
2026-05-01 18:43:31,034 [INFO] 🚀 Starting phase1_endgame_puzzles: Endgame expansion + themed puzzles
2026-05-01 18:43:31,035 [WARNING] Data source not found: endgame_pgns
2026-05-01 18:43:31,035 [INFO] Required data not available, running extraction...
2026-05-01 18:43:31,035 [INFO] Running data extraction for phase1_endgame_puzzles...
2026-05-01 18:43:31,035 [WARNING] Extraction script not found: scripts/extract_endgame_positions.py
2026-05-01 18:43:31,035 [WARNING] Extraction script not found: scripts/extract_themed_puzzles.py
2026-05-01 18:43:31,036 [ERROR] ❌ phase1_endgame_puzzles failed after 3 attempts
2026-05-01 18:43:31,037 [ERROR] Phase phase1_endgame_puzzles failed, stopping orchestration
2026-05-01 18:43:31,037 [INFO] ================================================================================
2026-05-01 18:43:31,037 [INFO] 📋 Training Summary
2026-05-01 18:43:31,037 [INFO] ================================================================================
2026-05-01 18:43:31,037 [INFO] Completed phases: 0/4
2026-05-01 18:43:31,056 [INFO] Total time: 0:00:00.026238
2026-05-01 18:43:31,057 [INFO]   phase1_endgame_puzzles (v5.0): ❌ INCOMPLETE
2026-05-01 18:43:31,058 [INFO]   phase2_opening_theory (v5.1): ❌ INCOMPLETE
2026-05-01 18:43:31,058 [INFO]   phase3_master_games (v5.2): ❌ INCOMPLETE
2026-05-01 18:43:31,059 [INFO]   phase4_positional (v5.3): ❌ INCOMPLETE
2026-05-01 18:43:31,059 [INFO] ================================================================================
2026-05-01 18:43:31,060 [WARNING] ⚠️  Some phases incomplete
2026-05-01 18:44:31,478 [INFO] ================================================================================
2026-05-01 18:44:31,479 [INFO] 🚀 V7P3R AI 48-Hour Training Orchestrator
2026-05-01 18:44:31,479 [INFO] ================================================================================
2026-05-01 18:44:31,480 [INFO] Start time: 2026-05-01 18:44:31.478835
2026-05-01 18:44:31,480 [INFO] Target duration: 2 days, 0:00:00
2026-05-01 18:44:31,480 [INFO] Auto-recover: True
2026-05-01 18:44:31,481 [INFO] TensorBoard: True
2026-05-01 18:44:31,481 [INFO] ================================================================================
2026-05-01 18:44:31,482 [INFO] 📊 TensorBoard started on http://0.0.0.0:6006
2026-05-01 18:44:31,488 [INFO] Loaded state: Phase 0
2026-05-01 18:44:31,489 [INFO] 🚀 Starting phase1_endgame_puzzles: Endgame expansion + themed puzzles
2026-05-01 18:44:31,489 [WARNING] Data source not found: endgame_pgns
2026-05-01 18:44:31,490 [INFO] Required data not available, running extraction...
2026-05-01 18:44:31,490 [INFO] Running data extraction for phase1_endgame_puzzles...
2026-05-01 18:44:31,490 [WARNING] Extraction script not found: scripts/extract_endgame_positions.py
2026-05-01 18:44:31,490 [WARNING] Extraction script not found: scripts/extract_themed_puzzles.py
2026-05-01 18:44:31,492 [ERROR] ❌ phase1_endgame_puzzles failed after 3 attempts
2026-05-01 18:44:31,492 [ERROR] Phase phase1_endgame_puzzles failed, stopping orchestration
2026-05-01 18:44:31,493 [INFO] ================================================================================
2026-05-01 18:44:31,493 [INFO] 📋 Training Summary
2026-05-01 18:44:31,493 [INFO] ================================================================================
2026-05-01 18:44:31,493 [INFO] Completed phases: 0/4
2026-05-01 18:44:31,494 [INFO] Total time: 0:00:00.015217
2026-05-01 18:44:31,494 [INFO]   phase1_endgame_puzzles (v5.0): ❌ INCOMPLETE
2026-05-01 18:44:31,494 [INFO]   phase2_opening_theory (v5.1): ❌ INCOMPLETE
2026-05-01 18:44:31,494 [INFO]   phase3_master_games (v5.2): ❌ INCOMPLETE
2026-05-01 18:44:31,495 [INFO]   phase4_positional (v5.3): ❌ INCOMPLETE
2026-05-01 18:44:31,495 [INFO] ================================================================================
2026-05-01 18:44:31,495 [WARNING] ⚠️  Some phases incomplete
2026-05-01 18:45:31,888 [INFO] ================================================================================
2026-05-01 18:45:31,889 [INFO] 🚀 V7P3R AI 48-Hour Training Orchestrator
2026-05-01 18:45:31,889 [INFO] ================================================================================
2026-05-01 18:45:31,890 [INFO] Start time: 2026-05-01 18:45:31.888600
2026-05-01 18:45:31,890 [INFO] Target duration: 2 days, 0:00:00
2026-05-01 18:45:31,890 [INFO] Auto-recover: True
2026-05-01 18:45:31,891 [INFO] TensorBoard: True
2026-05-01 18:45:31,891 [INFO] ================================================================================
2026-05-01 18:45:31,892 [INFO] 📊 TensorBoard started on http://0.0.0.0:6006
2026-05-01 18:45:31,893 [INFO] Loaded state: Phase 0
2026-05-01 18:45:31,894 [INFO] 🚀 Starting phase1_endgame_puzzles: Endgame expansion + themed puzzles
2026-05-01 18:45:31,895 [WARNING] Data source not found: endgame_pgns
2026-05-01 18:45:31,896 [INFO] Required data not available, running extraction...
2026-05-01 18:45:31,896 [INFO] Running data extraction for phase1_endgame_puzzles...
2026-05-01 18:45:31,896 [WARNING] Extraction script not found: scripts/extract_endgame_positions.py
2026-05-01 18:45:31,897 [WARNING] Extraction script not found: scripts/extract_themed_puzzles.py
2026-05-01 18:45:31,898 [ERROR] ❌ phase1_endgame_puzzles failed after 3 attempts
2026-05-01 18:45:31,898 [ERROR] Phase phase1_endgame_puzzles failed, stopping orchestration
2026-05-01 18:45:31,898 [INFO] ================================================================================
2026-05-01 18:45:31,899 [INFO] 📋 Training Summary
2026-05-01 18:45:31,899 [INFO] ================================================================================
2026-05-01 18:45:31,899 [INFO] Completed phases: 0/4
2026-05-01 18:45:31,899 [INFO] Total time: 0:00:00.011139
2026-05-01 18:45:31,899 [INFO]   phase1_endgame_puzzles (v5.0): ❌ INCOMPLETE
2026-05-01 18:45:31,900 [INFO]   phase2_opening_theory (v5.1): ❌ INCOMPLETE
2026-05-01 18:45:31,900 [INFO]   phase3_master_games (v5.2): ❌ INCOMPLETE
2026-05-01 18:45:31,900 [INFO]   phase4_positional (v5.3): ❌ INCOMPLETE
2026-05-01 18:45:31,900 [INFO] ================================================================================
2026-05-01 18:45:31,900 [WARNING] ⚠️  Some phases incomplete
2026-05-01 18:46:32,303 [INFO] ================================================================================
2026-05-01 18:46:32,304 [INFO] 🚀 V7P3R AI 48-Hour Training Orchestrator
2026-05-01 18:46:32,304 [INFO] ================================================================================
2026-05-01 18:46:32,305 [INFO] Start time: 2026-05-01 18:46:32.303639
2026-05-01 18:46:32,305 [INFO] Target duration: 2 days, 0:00:00
2026-05-01 18:46:32,306 [INFO] Auto-recover: True
2026-05-01 18:46:32,306 [INFO] TensorBoard: True
2026-05-01 18:46:32,306 [INFO] ================================================================================
2026-05-01 18:46:32,307 [INFO] 📊 TensorBoard started on http://0.0.0.0:6006
2026-05-01 18:46:32,308 [INFO] Loaded state: Phase 0
2026-05-01 18:46:32,308 [INFO] 🚀 Starting phase1_endgame_puzzles: Endgame expansion + themed puzzles
2026-05-01 18:46:32,309 [WARNING] Data source not found: endgame_pgns
2026-05-01 18:46:32,309 [INFO] Required data not available, running extraction...
2026-05-01 18:46:32,309 [INFO] Running data extraction for phase1_endgame_puzzles...
2026-05-01 18:46:32,309 [WARNING] Extraction script not found: scripts/extract_endgame_positions.py
2026-05-01 18:46:32,309 [WARNING] Extraction script not found: scripts/extract_themed_puzzles.py
2026-05-01 18:46:32,311 [ERROR] ❌ phase1_endgame_puzzles failed after 3 attempts
2026-05-01 18:46:32,311 [ERROR] Phase phase1_endgame_puzzles failed, stopping orchestration
2026-05-01 18:46:32,311 [INFO] ================================================================================
2026-05-01 18:46:32,312 [INFO] 📋 Training Summary
2026-05-01 18:46:32,312 [INFO] ================================================================================
2026-05-01 18:46:32,312 [INFO] Completed phases: 0/4
2026-05-01 18:46:32,312 [INFO] Total time: 0:00:00.009272
2026-05-01 18:46:32,313 [INFO]   phase1_endgame_puzzles (v5.0): ❌ INCOMPLETE
2026-05-01 18:46:32,313 [INFO]   phase2_opening_theory (v5.1): ❌ INCOMPLETE
2026-05-01 18:46:32,313 [INFO]   phase3_master_games (v5.2): ❌ INCOMPLETE
2026-05-01 18:46:32,313 [INFO]   phase4_positional (v5.3): ❌ INCOMPLETE
2026-05-01 18:46:32,314 [INFO] ================================================================================
2026-05-01 18:46:32,314 [WARNING] ⚠️  Some phases incomplete
2026-05-01 18:47:32,741 [INFO] ================================================================================
2026-05-01 18:47:32,741 [INFO] 🚀 V7P3R AI 48-Hour Training Orchestrator
2026-05-01 18:47:32,742 [INFO] ================================================================================
2026-05-01 18:47:32,742 [INFO] Start time: 2026-05-01 18:47:32.741215
2026-05-01 18:47:32,742 [INFO] Target duration: 2 days, 0:00:00
2026-05-01 18:47:32,743 [INFO] Auto-recover: True
2026-05-01 18:47:32,743 [INFO] TensorBoard: True
2026-05-01 18:47:32,743 [INFO] ================================================================================
2026-05-01 18:47:32,761 [INFO] 📊 TensorBoard started on http://0.0.0.0:6006
2026-05-01 18:47:32,762 [INFO] Loaded state: Phase 0
2026-05-01 18:47:32,763 [INFO] 🚀 Starting phase1_endgame_puzzles: Endgame expansion + themed puzzles
2026-05-01 18:47:32,764 [WARNING] Data source not found: endgame_pgns
2026-05-01 18:47:32,765 [INFO] Required data not available, running extraction...
2026-05-01 18:47:32,766 [INFO] Running data extraction for phase1_endgame_puzzles...
2026-05-01 18:47:32,766 [WARNING] Extraction script not found: scripts/extract_endgame_positions.py
2026-05-01 18:47:32,767 [WARNING] Extraction script not found: scripts/extract_themed_puzzles.py
2026-05-01 18:47:32,769 [ERROR] ❌ phase1_endgame_puzzles failed after 3 attempts
2026-05-01 18:47:32,769 [ERROR] Phase phase1_endgame_puzzles failed, stopping orchestration
2026-05-01 18:47:32,770 [INFO] ================================================================================
2026-05-01 18:47:32,770 [INFO] 📋 Training Summary
2026-05-01 18:47:32,770 [INFO] ================================================================================
2026-05-01 18:47:32,770 [INFO] Completed phases: 0/4
2026-05-01 18:47:32,771 [INFO] Total time: 0:00:00.029874
2026-05-01 18:47:32,771 [INFO]   phase1_endgame_puzzles (v5.0): ❌ INCOMPLETE
2026-05-01 18:47:32,771 [INFO]   phase2_opening_theory (v5.1): ❌ INCOMPLETE
2026-05-01 18:47:32,772 [INFO]   phase3_master_games (v5.2): ❌ INCOMPLETE
2026-05-01 18:47:32,772 [INFO]   phase4_positional (v5.3): ❌ INCOMPLETE
2026-05-01 18:47:32,772 [INFO] ================================================================================
2026-05-01 18:47:32,772 [WARNING] ⚠️  Some phases incomplete
2026-05-01 18:48:33,269 [INFO] ================================================================================
2026-05-01 18:48:33,270 [INFO] 🚀 V7P3R AI 48-Hour Training Orchestrator
2026-05-01 18:48:33,271 [INFO] ================================================================================
2026-05-01 18:48:33,271 [INFO] Start time: 2026-05-01 18:48:33.269153
2026-05-01 18:48:33,271 [INFO] Target duration: 2 days, 0:00:00
2026-05-01 18:48:33,272 [INFO] Auto-recover: True
2026-05-01 18:48:33,272 [INFO] TensorBoard: True
2026-05-01 18:48:33,272 [INFO] ================================================================================
2026-05-01 18:48:33,273 [INFO] 📊 TensorBoard started on http://0.0.0.0:6006
2026-05-01 18:48:33,274 [INFO] Loaded state: Phase 0
2026-05-01 18:48:33,275 [INFO] 🚀 Starting phase1_endgame_puzzles: Endgame expansion + themed puzzles
2026-05-01 18:48:33,275 [WARNING] Data source not found: endgame_pgns
2026-05-01 18:48:33,276 [INFO] Required data not available, running extraction...
2026-05-01 18:48:33,276 [INFO] Running data extraction for phase1_endgame_puzzles...
2026-05-01 18:48:33,276 [WARNING] Extraction script not found: scripts/extract_endgame_positions.py
2026-05-01 18:48:33,276 [WARNING] Extraction script not found: scripts/extract_themed_puzzles.py
2026-05-01 18:48:33,278 [ERROR] ❌ phase1_endgame_puzzles failed after 3 attempts
2026-05-01 18:48:33,279 [ERROR] Phase phase1_endgame_puzzles failed, stopping orchestration
2026-05-01 18:48:33,279 [INFO] ================================================================================
2026-05-01 18:48:33,279 [INFO] 📋 Training Summary
2026-05-01 18:48:33,279 [INFO] ================================================================================
2026-05-01 18:48:33,280 [INFO] Completed phases: 0/4
2026-05-01 18:48:33,280 [INFO] Total time: 0:00:00.011058
2026-05-01 18:48:33,280 [INFO]   phase1_endgame_puzzles (v5.0): ❌ INCOMPLETE
2026-05-01 18:48:33,280 [INFO]   phase2_opening_theory (v5.1): ❌ INCOMPLETE
2026-05-01 18:48:33,280 [INFO]   phase3_master_games (v5.2): ❌ INCOMPLETE
2026-05-01 18:48:33,280 [INFO]   phase4_positional (v5.3): ❌ INCOMPLETE
2026-05-01 18:48:33,281 [INFO] ================================================================================
2026-05-01 18:48:33,281 [WARNING] ⚠️  Some phases incomplete
2026-05-01 18:49:33,743 [INFO] ================================================================================
2026-05-01 18:49:33,744 [INFO] 🚀 V7P3R AI 48-Hour Training Orchestrator
2026-05-01 18:49:33,745 [INFO] ================================================================================
2026-05-01 18:49:33,745 [INFO] Start time: 2026-05-01 18:49:33.743820
2026-05-01 18:49:33,745 [INFO] Target duration: 2 days, 0:00:00
2026-05-01 18:49:33,746 [INFO] Auto-recover: True
2026-05-01 18:49:33,746 [INFO] TensorBoard: True
2026-05-01 18:49:33,746 [INFO] ================================================================================
2026-05-01 18:49:33,747 [INFO] 📊 TensorBoard started on http://0.0.0.0:6006
2026-05-01 18:49:33,747 [INFO] Loaded state: Phase 0
2026-05-01 18:49:33,747 [INFO] 🚀 Starting phase1_endgame_puzzles: Endgame expansion + themed puzzles
2026-05-01 18:49:33,748 [WARNING] Data source not found: endgame_pgns
2026-05-01 18:49:33,748 [INFO] Required data not available, running extraction...
2026-05-01 18:49:33,748 [INFO] Running data extraction for phase1_endgame_puzzles...
2026-05-01 18:49:33,749 [WARNING] Extraction script not found: scripts/extract_endgame_positions.py
2026-05-01 18:49:33,749 [WARNING] Extraction script not found: scripts/extract_themed_puzzles.py
2026-05-01 18:49:33,751 [ERROR] ❌ phase1_endgame_puzzles failed after 3 attempts
2026-05-01 18:49:33,751 [ERROR] Phase phase1_endgame_puzzles failed, stopping orchestration
2026-05-01 18:49:33,752 [INFO] ================================================================================
2026-05-01 18:49:33,752 [INFO] 📋 Training Summary
2026-05-01 18:49:33,753 [INFO] ================================================================================
2026-05-01 18:49:33,753 [INFO] Completed phases: 0/4
2026-05-01 18:49:33,753 [INFO] Total time: 0:00:00.009779
2026-05-01 18:49:33,753 [INFO]   phase1_endgame_puzzles (v5.0): ❌ INCOMPLETE
2026-05-01 18:49:33,754 [INFO]   phase2_opening_theory (v5.1): ❌ INCOMPLETE
2026-05-01 18:49:33,754 [INFO]   phase3_master_games (v5.2): ❌ INCOMPLETE
2026-05-01 18:49:33,754 [INFO]   phase4_positional (v5.3): ❌ INCOMPLETE
2026-05-01 18:49:33,754 [INFO] ================================================================================
2026-05-01 18:49:33,755 [WARNING] ⚠️  Some phases incomplete
2026-05-01 18:50:34,169 [INFO] ================================================================================
2026-05-01 18:50:34,170 [INFO] 🚀 V7P3R AI 48-Hour Training Orchestrator
2026-05-01 18:50:34,171 [INFO] ================================================================================
2026-05-01 18:50:34,171 [INFO] Start time: 2026-05-01 18:50:34.169808
2026-05-01 18:50:34,172 [INFO] Target duration: 2 days, 0:00:00
2026-05-01 18:50:34,172 [INFO] Auto-recover: True
2026-05-01 18:50:34,172 [INFO] TensorBoard: True
2026-05-01 18:50:34,173 [INFO] ================================================================================
2026-05-01 18:50:34,174 [INFO] 📊 TensorBoard started on http://0.0.0.0:6006
2026-05-01 18:50:34,175 [INFO] Loaded state: Phase 0
2026-05-01 18:50:34,175 [INFO] 🚀 Starting phase1_endgame_puzzles: Endgame expansion + themed puzzles
2026-05-01 18:50:34,176 [WARNING] Data source not found: endgame_pgns
2026-05-01 18:50:34,176 [INFO] Required data not available, running extraction...
2026-05-01 18:50:34,176 [INFO] Running data extraction for phase1_endgame_puzzles...
2026-05-01 18:50:34,176 [WARNING] Extraction script not found: scripts/extract_endgame_positions.py
2026-05-01 18:50:34,176 [WARNING] Extraction script not found: scripts/extract_themed_puzzles.py
2026-05-01 18:50:34,178 [ERROR] ❌ phase1_endgame_puzzles failed after 3 attempts
2026-05-01 18:50:34,178 [ERROR] Phase phase1_endgame_puzzles failed, stopping orchestration
2026-05-01 18:50:34,178 [INFO] ================================================================================
2026-05-01 18:50:34,178 [INFO] 📋 Training Summary
2026-05-01 18:50:34,178 [INFO] ================================================================================
2026-05-01 18:50:34,179 [INFO] Completed phases: 0/4
2026-05-01 18:50:34,179 [INFO] Total time: 0:00:00.009420
2026-05-01 18:50:34,179 [INFO]   phase1_endgame_puzzles (v5.0): ❌ INCOMPLETE
2026-05-01 18:50:34,179 [INFO]   phase2_opening_theory (v5.1): ❌ INCOMPLETE
2026-05-01 18:50:34,179 [INFO]   phase3_master_games (v5.2): ❌ INCOMPLETE
2026-05-01 18:50:34,179 [INFO]   phase4_positional (v5.3): ❌ INCOMPLETE
2026-05-01 18:50:34,180 [INFO] ================================================================================
2026-05-01 18:50:34,180 [WARNING] ⚠️  Some phases incomplete
2026-05-01 18:51:34,572 [INFO] ================================================================================
2026-05-01 18:51:34,573 [INFO] 🚀 V7P3R AI 48-Hour Training Orchestrator
2026-05-01 18:51:34,574 [INFO] ================================================================================
2026-05-01 18:51:34,575 [INFO] Start time: 2026-05-01 18:51:34.572425
2026-05-01 18:51:34,575 [INFO] Target duration: 2 days, 0:00:00
2026-05-01 18:51:34,575 [INFO] Auto-recover: True
2026-05-01 18:51:34,576 [INFO] TensorBoard: True
2026-05-01 18:51:34,576 [INFO] ================================================================================
2026-05-01 18:51:34,577 [INFO] 📊 TensorBoard started on http://0.0.0.0:6006
2026-05-01 18:51:34,584 [INFO] Loaded state: Phase 0
2026-05-01 18:51:34,585 [INFO] 🚀 Starting phase1_endgame_puzzles: Endgame expansion + themed puzzles
2026-05-01 18:51:34,586 [WARNING] Data source not found: endgame_pgns
2026-05-01 18:51:34,586 [INFO] Required data not available, running extraction...
2026-05-01 18:51:34,586 [INFO] Running data extraction for phase1_endgame_puzzles...
2026-05-01 18:51:34,587 [WARNING] Extraction script not found: scripts/extract_endgame_positions.py
2026-05-01 18:51:34,587 [WARNING] Extraction script not found: scripts/extract_themed_puzzles.py
2026-05-01 18:51:34,590 [ERROR] ❌ phase1_endgame_puzzles failed after 3 attempts
2026-05-01 18:51:34,590 [ERROR] Phase phase1_endgame_puzzles failed, stopping orchestration
2026-05-01 18:51:34,591 [INFO] ================================================================================
2026-05-01 18:51:34,591 [INFO] 📋 Training Summary
2026-05-01 18:51:34,592 [INFO] ================================================================================
2026-05-01 18:51:34,592 [INFO] Completed phases: 0/4
2026-05-01 18:51:34,592 [INFO] Total time: 0:00:00.020220
2026-05-01 18:51:34,592 [INFO]   phase1_endgame_puzzles (v5.0): ❌ INCOMPLETE
2026-05-01 18:51:34,593 [INFO]   phase2_opening_theory (v5.1): ❌ INCOMPLETE
2026-05-01 18:51:34,593 [INFO]   phase3_master_games (v5.2): ❌ INCOMPLETE
2026-05-01 18:51:34,593 [INFO]   phase4_positional (v5.3): ❌ INCOMPLETE
2026-05-01 18:51:34,593 [INFO] ================================================================================
2026-05-01 18:51:34,593 [WARNING] ⚠️  Some phases incomplete
2026-05-01 18:52:35,018 [INFO] ================================================================================
2026-05-01 18:52:35,019 [INFO] 🚀 V7P3R AI 48-Hour Training Orchestrator
2026-05-01 18:52:35,019 [INFO] ================================================================================
2026-05-01 18:52:35,020 [INFO] Start time: 2026-05-01 18:52:35.018910
2026-05-01 18:52:35,020 [INFO] Target duration: 2 days, 0:00:00
2026-05-01 18:52:35,021 [INFO] Auto-recover: True
2026-05-01 18:52:35,021 [INFO] TensorBoard: True
2026-05-01 18:52:35,021 [INFO] ================================================================================
2026-05-01 18:52:35,023 [INFO] 📊 TensorBoard started on http://0.0.0.0:6006
2026-05-01 18:52:35,023 [INFO] Loaded state: Phase 0
2026-05-01 18:52:35,024 [INFO] 🚀 Starting phase1_endgame_puzzles: Endgame expansion + themed puzzles
2026-05-01 18:52:35,025 [WARNING] Data source not found: endgame_pgns
2026-05-01 18:52:35,025 [INFO] Required data not available, running extraction...
2026-05-01 18:52:35,025 [INFO] Running data extraction for phase1_endgame_puzzles...
2026-05-01 18:52:35,026 [WARNING] Extraction script not found: scripts/extract_endgame_positions.py
2026-05-01 18:52:35,026 [WARNING] Extraction script not found: scripts/extract_themed_puzzles.py
2026-05-01 18:52:35,028 [ERROR] ❌ phase1_endgame_puzzles failed after 3 attempts
2026-05-01 18:52:35,028 [ERROR] Phase phase1_endgame_puzzles failed, stopping orchestration
2026-05-01 18:52:35,028 [INFO] ================================================================================
2026-05-01 18:52:35,028 [INFO] 📋 Training Summary
2026-05-01 18:52:35,028 [INFO] ================================================================================
2026-05-01 18:52:35,028 [INFO] Completed phases: 0/4
2026-05-01 18:52:35,029 [INFO] Total time: 0:00:00.010311
2026-05-01 18:52:35,029 [INFO]   phase1_endgame_puzzles (v5.0): ❌ INCOMPLETE
2026-05-01 18:52:35,029 [INFO]   phase2_opening_theory (v5.1): ❌ INCOMPLETE
2026-05-01 18:52:35,029 [INFO]   phase3_master_games (v5.2): ❌ INCOMPLETE
2026-05-01 18:52:35,030 [INFO]   phase4_positional (v5.3): ❌ INCOMPLETE
2026-05-01 18:52:35,030 [INFO] ================================================================================
2026-05-01 18:52:35,030 [WARNING] ⚠️  Some phases incomplete
2026-05-01 18:53:35,435 [INFO] ================================================================================
2026-05-01 18:53:35,435 [INFO] 🚀 V7P3R AI 48-Hour Training Orchestrator
2026-05-01 18:53:35,435 [INFO] ================================================================================
2026-05-01 18:53:35,436 [INFO] Start time: 2026-05-01 18:53:35.434904
2026-05-01 18:53:35,436 [INFO] Target duration: 2 days, 0:00:00
2026-05-01 18:53:35,437 [INFO] Auto-recover: True
2026-05-01 18:53:35,437 [INFO] TensorBoard: True
2026-05-01 18:53:35,437 [INFO] ================================================================================
2026-05-01 18:53:35,438 [INFO] 📊 TensorBoard started on http://0.0.0.0:6006
2026-05-01 18:53:35,439 [INFO] Loaded state: Phase 0
2026-05-01 18:53:35,439 [INFO] 🚀 Starting phase1_endgame_puzzles: Endgame expansion + themed puzzles
2026-05-01 18:53:35,440 [WARNING] Data source not found: endgame_pgns
2026-05-01 18:53:35,440 [INFO] Required data not available, running extraction...
2026-05-01 18:53:35,440 [INFO] Running data extraction for phase1_endgame_puzzles...
2026-05-01 18:53:35,441 [WARNING] Extraction script not found: scripts/extract_endgame_positions.py
2026-05-01 18:53:35,441 [WARNING] Extraction script not found: scripts/extract_themed_puzzles.py
2026-05-01 18:53:35,443 [ERROR] ❌ phase1_endgame_puzzles failed after 3 attempts
2026-05-01 18:53:35,443 [ERROR] Phase phase1_endgame_puzzles failed, stopping orchestration
2026-05-01 18:53:35,443 [INFO] ================================================================================
2026-05-01 18:53:35,443 [INFO] 📋 Training Summary
2026-05-01 18:53:35,443 [INFO] ================================================================================
2026-05-01 18:53:35,444 [INFO] Completed phases: 0/4
2026-05-01 18:53:35,444 [INFO] Total time: 0:00:00.009430
2026-05-01 18:53:35,444 [INFO]   phase1_endgame_puzzles (v5.0): ❌ INCOMPLETE
2026-05-01 18:53:35,444 [INFO]   phase2_opening_theory (v5.1): ❌ INCOMPLETE
2026-05-01 18:53:35,444 [INFO]   phase3_master_games (v5.2): ❌ INCOMPLETE
2026-05-01 18:53:35,445 [INFO]   phase4_positional (v5.3): ❌ INCOMPLETE
2026-05-01 18:53:35,445 [INFO] ================================================================================
2026-05-01 18:53:35,445 [WARNING] ⚠️  Some phases incomplete
2026-05-01 18:54:35,882 [INFO] ================================================================================
2026-05-01 18:54:35,883 [INFO] 🚀 V7P3R AI 48-Hour Training Orchestrator
2026-05-01 18:54:35,884 [INFO] ================================================================================
2026-05-01 18:54:35,884 [INFO] Start time: 2026-05-01 18:54:35.882839
2026-05-01 18:54:35,884 [INFO] Target duration: 2 days, 0:00:00
2026-05-01 18:54:35,896 [INFO] Auto-recover: True
2026-05-01 18:54:35,897 [INFO] TensorBoard: True
2026-05-01 18:54:35,898 [INFO] ================================================================================
2026-05-01 18:54:35,899 [INFO] 📊 TensorBoard started on http://0.0.0.0:6006
2026-05-01 18:54:35,902 [INFO] Loaded state: Phase 0
2026-05-01 18:54:35,903 [INFO] 🚀 Starting phase1_endgame_puzzles: Endgame expansion + themed puzzles
2026-05-01 18:54:35,903 [WARNING] Data source not found: endgame_pgns
2026-05-01 18:54:35,904 [INFO] Required data not available, running extraction...
2026-05-01 18:54:35,904 [INFO] Running data extraction for phase1_endgame_puzzles...
2026-05-01 18:54:35,904 [WARNING] Extraction script not found: scripts/extract_endgame_positions.py
2026-05-01 18:54:35,905 [WARNING] Extraction script not found: scripts/extract_themed_puzzles.py
2026-05-01 18:54:35,906 [ERROR] ❌ phase1_endgame_puzzles failed after 3 attempts
2026-05-01 18:54:35,907 [ERROR] Phase phase1_endgame_puzzles failed, stopping orchestration
2026-05-01 18:54:35,907 [INFO] ================================================================================
2026-05-01 18:54:35,907 [INFO] 📋 Training Summary
2026-05-01 18:54:35,907 [INFO] ================================================================================
2026-05-01 18:54:35,908 [INFO] Completed phases: 0/4
2026-05-01 18:54:35,908 [INFO] Total time: 0:00:00.025427
2026-05-01 18:54:35,908 [INFO]   phase1_endgame_puzzles (v5.0): ❌ INCOMPLETE
2026-05-01 18:54:35,908 [INFO]   phase2_opening_theory (v5.1): ❌ INCOMPLETE
2026-05-01 18:54:35,908 [INFO]   phase3_master_games (v5.2): ❌ INCOMPLETE
2026-05-01 18:54:35,908 [INFO]   phase4_positional (v5.3): ❌ INCOMPLETE
2026-05-01 18:54:35,909 [INFO] ================================================================================
2026-05-01 18:54:35,909 [WARNING] ⚠️  Some phases incomplete
2026-05-01 18:55:36,343 [INFO] ================================================================================
2026-05-01 18:55:36,344 [INFO] 🚀 V7P3R AI 48-Hour Training Orchestrator
2026-05-01 18:55:36,344 [INFO] ================================================================================
2026-05-01 18:55:36,345 [INFO] Start time: 2026-05-01 18:55:36.343768
2026-05-01 18:55:36,345 [INFO] Target duration: 2 days, 0:00:00
2026-05-01 18:55:36,345 [INFO] Auto-recover: True
2026-05-01 18:55:36,346 [INFO] TensorBoard: True
2026-05-01 18:55:36,346 [INFO] ================================================================================
2026-05-01 18:55:36,347 [INFO] 📊 TensorBoard started on http://0.0.0.0:6006
2026-05-01 18:55:36,347 [INFO] Loaded state: Phase 0
2026-05-01 18:55:36,348 [INFO] 🚀 Starting phase1_endgame_puzzles: Endgame expansion + themed puzzles
2026-05-01 18:55:36,350 [WARNING] Data source not found: endgame_pgns
2026-05-01 18:55:36,350 [INFO] Required data not available, running extraction...
2026-05-01 18:55:36,350 [INFO] Running data extraction for phase1_endgame_puzzles...
2026-05-01 18:55:36,351 [WARNING] Extraction script not found: scripts/extract_endgame_positions.py
2026-05-01 18:55:36,351 [WARNING] Extraction script not found: scripts/extract_themed_puzzles.py
2026-05-01 18:55:36,353 [ERROR] ❌ phase1_endgame_puzzles failed after 3 attempts
2026-05-01 18:55:36,353 [ERROR] Phase phase1_endgame_puzzles failed, stopping orchestration
2026-05-01 18:55:36,353 [INFO] ================================================================================
2026-05-01 18:55:36,353 [INFO] 📋 Training Summary
2026-05-01 18:55:36,353 [INFO] ================================================================================
2026-05-01 18:55:36,354 [INFO] Completed phases: 0/4
2026-05-01 18:55:36,354 [INFO] Total time: 0:00:00.010536
2026-05-01 18:55:36,354 [INFO]   phase1_endgame_puzzles (v5.0): ❌ INCOMPLETE
2026-05-01 18:55:36,354 [INFO]   phase2_opening_theory (v5.1): ❌ INCOMPLETE
2026-05-01 18:55:36,354 [INFO]   phase3_master_games (v5.2): ❌ INCOMPLETE
2026-05-01 18:55:36,355 [INFO]   phase4_positional (v5.3): ❌ INCOMPLETE
2026-05-01 18:55:36,355 [INFO] ================================================================================
2026-05-01 18:55:36,355 [WARNING] ⚠️  Some phases incomplete
2026-05-01 18:56:36,788 [INFO] ================================================================================
2026-05-01 18:56:36,788 [INFO] 🚀 V7P3R AI 48-Hour Training Orchestrator
2026-05-01 18:56:36,788 [INFO] ================================================================================
2026-05-01 18:56:36,789 [INFO] Start time: 2026-05-01 18:56:36.788006
2026-05-01 18:56:36,789 [INFO] Target duration: 2 days, 0:00:00
2026-05-01 18:56:36,789 [INFO] Auto-recover: True
2026-05-01 18:56:36,790 [INFO] TensorBoard: True
2026-05-01 18:56:36,790 [INFO] ================================================================================
2026-05-01 18:56:36,791 [INFO] 📊 TensorBoard started on http://0.0.0.0:6006
2026-05-01 18:56:36,791 [INFO] Loaded state: Phase 0
2026-05-01 18:56:36,791 [INFO] 🚀 Starting phase1_endgame_puzzles: Endgame expansion + themed puzzles
2026-05-01 18:56:36,792 [WARNING] Data source not found: endgame_pgns
2026-05-01 18:56:36,792 [INFO] Required data not available, running extraction...
2026-05-01 18:56:36,792 [INFO] Running data extraction for phase1_endgame_puzzles...
2026-05-01 18:56:36,793 [WARNING] Extraction script not found: scripts/extract_endgame_positions.py
2026-05-01 18:56:36,793 [WARNING] Extraction script not found: scripts/extract_themed_puzzles.py
2026-05-01 18:56:36,794 [ERROR] ❌ phase1_endgame_puzzles failed after 3 attempts
2026-05-01 18:56:36,794 [ERROR] Phase phase1_endgame_puzzles failed, stopping orchestration
2026-05-01 18:56:36,794 [INFO] ================================================================================
2026-05-01 18:56:36,795 [INFO] 📋 Training Summary
2026-05-01 18:56:36,795 [INFO] ================================================================================
2026-05-01 18:56:36,795 [INFO] Completed phases: 0/4
2026-05-01 18:56:36,795 [INFO] Total time: 0:00:00.007742
2026-05-01 18:56:36,795 [INFO]   phase1_endgame_puzzles (v5.0): ❌ INCOMPLETE
2026-05-01 18:56:36,796 [INFO]   phase2_opening_theory (v5.1): ❌ INCOMPLETE
2026-05-01 18:56:36,796 [INFO]   phase3_master_games (v5.2): ❌ INCOMPLETE
2026-05-01 18:56:36,796 [INFO]   phase4_positional (v5.3): ❌ INCOMPLETE
2026-05-01 18:56:36,797 [INFO] ================================================================================
2026-05-01 18:56:36,797 [WARNING] ⚠️  Some phases incomplete
2026-05-01 18:57:37,235 [INFO] ================================================================================
2026-05-01 18:57:37,236 [INFO] 🚀 V7P3R AI 48-Hour Training Orchestrator
2026-05-01 18:57:37,236 [INFO] ================================================================================
2026-05-01 18:57:37,237 [INFO] Start time: 2026-05-01 18:57:37.235389
2026-05-01 18:57:37,237 [INFO] Target duration: 2 days, 0:00:00
2026-05-01 18:57:37,237 [INFO] Auto-recover: True
2026-05-01 18:57:37,238 [INFO] TensorBoard: True
2026-05-01 18:57:37,238 [INFO] ================================================================================
2026-05-01 18:57:37,239 [INFO] 📊 TensorBoard started on http://0.0.0.0:6006
2026-05-01 18:57:37,239 [INFO] Loaded state: Phase 0
2026-05-01 18:57:37,240 [INFO] 🚀 Starting phase1_endgame_puzzles: Endgame expansion + themed puzzles
2026-05-01 18:57:37,240 [WARNING] Data source not found: endgame_pgns
2026-05-01 18:57:37,240 [INFO] Required data not available, running extraction...
2026-05-01 18:57:37,241 [INFO] Running data extraction for phase1_endgame_puzzles...
2026-05-01 18:57:37,241 [WARNING] Extraction script not found: scripts/extract_endgame_positions.py
2026-05-01 18:57:37,241 [WARNING] Extraction script not found: scripts/extract_themed_puzzles.py
2026-05-01 18:57:37,242 [ERROR] ❌ phase1_endgame_puzzles failed after 3 attempts
2026-05-01 18:57:37,242 [ERROR] Phase phase1_endgame_puzzles failed, stopping orchestration
2026-05-01 18:57:37,242 [INFO] ================================================================================
2026-05-01 18:57:37,260 [INFO] 📋 Training Summary
2026-05-01 18:57:37,261 [INFO] ================================================================================
2026-05-01 18:57:37,261 [INFO] Completed phases: 0/4
2026-05-01 18:57:37,261 [INFO] Total time: 0:00:00.026511
2026-05-01 18:57:37,262 [INFO]   phase1_endgame_puzzles (v5.0): ❌ INCOMPLETE
2026-05-01 18:57:37,262 [INFO]   phase2_opening_theory (v5.1): ❌ INCOMPLETE
2026-05-01 18:57:37,262 [INFO]   phase3_master_games (v5.2): ❌ INCOMPLETE
2026-05-01 18:57:37,263 [INFO]   phase4_positional (v5.3): ❌ INCOMPLETE
2026-05-01 18:57:37,263 [INFO] ================================================================================
2026-05-01 18:57:37,264 [WARNING] ⚠️  Some phases incomplete
2026-05-01 18:58:37,680 [INFO] ================================================================================
2026-05-01 18:58:37,681 [INFO] 🚀 V7P3R AI 48-Hour Training Orchestrator
2026-05-01 18:58:37,681 [INFO] ================================================================================
2026-05-01 18:58:37,682 [INFO] Start time: 2026-05-01 18:58:37.680499
2026-05-01 18:58:37,682 [INFO] Target duration: 2 days, 0:00:00
2026-05-01 18:58:37,683 [INFO] Auto-recover: True
2026-05-01 18:58:37,683 [INFO] TensorBoard: True
2026-05-01 18:58:37,683 [INFO] ================================================================================
2026-05-01 18:58:37,684 [INFO] 📊 TensorBoard started on http://0.0.0.0:6006
2026-05-01 18:58:37,685 [INFO] Loaded state: Phase 0
2026-05-01 18:58:37,685 [INFO] 🚀 Starting phase1_endgame_puzzles: Endgame expansion + themed puzzles
2026-05-01 18:58:37,686 [WARNING] Data source not found: endgame_pgns
2026-05-01 18:58:37,687 [INFO] Required data not available, running extraction...
2026-05-01 18:58:37,687 [INFO] Running data extraction for phase1_endgame_puzzles...
2026-05-01 18:58:37,687 [WARNING] Extraction script not found: scripts/extract_endgame_positions.py
2026-05-01 18:58:37,688 [WARNING] Extraction script not found: scripts/extract_themed_puzzles.py
2026-05-01 18:58:37,690 [ERROR] ❌ phase1_endgame_puzzles failed after 3 attempts
2026-05-01 18:58:37,690 [ERROR] Phase phase1_endgame_puzzles failed, stopping orchestration
2026-05-01 18:58:37,691 [INFO] ================================================================================
2026-05-01 18:58:37,691 [INFO] 📋 Training Summary
2026-05-01 18:58:37,691 [INFO] ================================================================================
2026-05-01 18:58:37,691 [INFO] Completed phases: 0/4
2026-05-01 18:58:37,692 [INFO] Total time: 0:00:00.011705
2026-05-01 18:58:37,692 [INFO]   phase1_endgame_puzzles (v5.0): ❌ INCOMPLETE
2026-05-01 18:58:37,692 [INFO]   phase2_opening_theory (v5.1): ❌ INCOMPLETE
2026-05-01 18:58:37,692 [INFO]   phase3_master_games (v5.2): ❌ INCOMPLETE
2026-05-01 18:58:37,693 [INFO]   phase4_positional (v5.3): ❌ INCOMPLETE
2026-05-01 18:58:37,693 [INFO] ================================================================================
2026-05-01 18:58:37,693 [WARNING] ⚠️  Some phases incomplete
2026-05-01 18:59:38,201 [INFO] ================================================================================
2026-05-01 18:59:38,201 [INFO] 🚀 V7P3R AI 48-Hour Training Orchestrator
2026-05-01 18:59:38,201 [INFO] ================================================================================
2026-05-01 18:59:38,202 [INFO] Start time: 2026-05-01 18:59:38.201059
2026-05-01 18:59:38,202 [INFO] Target duration: 2 days, 0:00:00
2026-05-01 18:59:38,202 [INFO] Auto-recover: True
2026-05-01 18:59:38,203 [INFO] TensorBoard: True
2026-05-01 18:59:38,203 [INFO] ================================================================================
2026-05-01 18:59:38,204 [INFO] 📊 TensorBoard started on http://0.0.0.0:6006
2026-05-01 18:59:38,205 [INFO] Loaded state: Phase 0
2026-05-01 18:59:38,206 [INFO] 🚀 Starting phase1_endgame_puzzles: Endgame expansion + themed puzzles
2026-05-01 18:59:38,208 [WARNING] Data source not found: endgame_pgns
2026-05-01 18:59:38,208 [INFO] Required data not available, running extraction...
2026-05-01 18:59:38,209 [INFO] Running data extraction for phase1_endgame_puzzles...
2026-05-01 18:59:38,209 [WARNING] Extraction script not found: scripts/extract_endgame_positions.py
2026-05-01 18:59:38,209 [WARNING] Extraction script not found: scripts/extract_themed_puzzles.py
2026-05-01 18:59:38,212 [ERROR] ❌ phase1_endgame_puzzles failed after 3 attempts
2026-05-01 18:59:38,212 [ERROR] Phase phase1_endgame_puzzles failed, stopping orchestration
2026-05-01 18:59:38,212 [INFO] ================================================================================
2026-05-01 18:59:38,213 [INFO] 📋 Training Summary
2026-05-01 18:59:38,213 [INFO] ================================================================================
2026-05-01 18:59:38,213 [INFO] Completed phases: 0/4
2026-05-01 18:59:38,213 [INFO] Total time: 0:00:00.012620
2026-05-01 18:59:38,213 [INFO]   phase1_endgame_puzzles (v5.0): ❌ INCOMPLETE
2026-05-01 18:59:38,214 [INFO]   phase2_opening_theory (v5.1): ❌ INCOMPLETE
2026-05-01 18:59:38,214 [INFO]   phase3_master_games (v5.2): ❌ INCOMPLETE
2026-05-01 18:59:38,214 [INFO]   phase4_positional (v5.3): ❌ INCOMPLETE
2026-05-01 18:59:38,214 [INFO] ================================================================================
2026-05-01 18:59:38,214 [WARNING] ⚠️  Some phases incomplete
2026-05-01 19:00:38,649 [INFO] ================================================================================
2026-05-01 19:00:38,650 [INFO] 🚀 V7P3R AI 48-Hour Training Orchestrator
2026-05-01 19:00:38,650 [INFO] ================================================================================
2026-05-01 19:00:38,650 [INFO] Start time: 2026-05-01 19:00:38.649632
2026-05-01 19:00:38,651 [INFO] Target duration: 2 days, 0:00:00
2026-05-01 19:00:38,651 [INFO] Auto-recover: True
2026-05-01 19:00:38,651 [INFO] TensorBoard: True
2026-05-01 19:00:38,652 [INFO] ================================================================================
2026-05-01 19:00:38,652 [INFO] 📊 TensorBoard started on http://0.0.0.0:6006
2026-05-01 19:00:38,653 [INFO] Loaded state: Phase 0
2026-05-01 19:00:38,653 [INFO] 🚀 Starting phase1_endgame_puzzles: Endgame expansion + themed puzzles
2026-05-01 19:00:38,654 [WARNING] Data source not found: endgame_pgns
2026-05-01 19:00:38,654 [INFO] Required data not available, running extraction...
2026-05-01 19:00:38,654 [INFO] Running data extraction for phase1_endgame_puzzles...
2026-05-01 19:00:38,654 [WARNING] Extraction script not found: scripts/extract_endgame_positions.py
2026-05-01 19:00:38,654 [WARNING] Extraction script not found: scripts/extract_themed_puzzles.py
2026-05-01 19:00:38,656 [ERROR] ❌ phase1_endgame_puzzles failed after 3 attempts
2026-05-01 19:00:38,657 [ERROR] Phase phase1_endgame_puzzles failed, stopping orchestration
2026-05-01 19:00:38,657 [INFO] ================================================================================
2026-05-01 19:00:38,658 [INFO] 📋 Training Summary
2026-05-01 19:00:38,658 [INFO] ================================================================================
2026-05-01 19:00:38,658 [INFO] Completed phases: 0/4
2026-05-01 19:00:38,658 [INFO] Total time: 0:00:00.009312
2026-05-01 19:00:38,659 [INFO]   phase1_endgame_puzzles (v5.0): ❌ INCOMPLETE
2026-05-01 19:00:38,659 [INFO]   phase2_opening_theory (v5.1): ❌ INCOMPLETE
2026-05-01 19:00:38,659 [INFO]   phase3_master_games (v5.2): ❌ INCOMPLETE
2026-05-01 19:00:38,659 [INFO]   phase4_positional (v5.3): ❌ INCOMPLETE
2026-05-01 19:00:38,660 [INFO] ================================================================================
2026-05-01 19:00:38,660 [WARNING] ⚠️  Some phases incomplete
2026-05-01 19:01:39,068 [INFO] ================================================================================
2026-05-01 19:01:39,068 [INFO] 🚀 V7P3R AI 48-Hour Training Orchestrator
2026-05-01 19:01:39,069 [INFO] ================================================================================
2026-05-01 19:01:39,088 [INFO] Start time: 2026-05-01 19:01:39.067954
2026-05-01 19:01:39,089 [INFO] Target duration: 2 days, 0:00:00
2026-05-01 19:01:39,090 [INFO] Auto-recover: True
2026-05-01 19:01:39,090 [INFO] TensorBoard: True
2026-05-01 19:01:39,090 [INFO] ================================================================================
2026-05-01 19:01:39,092 [INFO] 📊 TensorBoard started on http://0.0.0.0:6006
2026-05-01 19:01:39,093 [INFO] Loaded state: Phase 0
2026-05-01 19:01:39,093 [INFO] 🚀 Starting phase1_endgame_puzzles: Endgame expansion + themed puzzles
2026-05-01 19:01:39,094 [WARNING] Data source not found: endgame_pgns
2026-05-01 19:01:39,095 [INFO] Required data not available, running extraction...
2026-05-01 19:01:39,095 [INFO] Running data extraction for phase1_endgame_puzzles...
2026-05-01 19:01:39,096 [WARNING] Extraction script not found: scripts/extract_endgame_positions.py
2026-05-01 19:01:39,096 [WARNING] Extraction script not found: scripts/extract_themed_puzzles.py
2026-05-01 19:01:39,098 [ERROR] ❌ phase1_endgame_puzzles failed after 3 attempts
2026-05-01 19:01:39,099 [ERROR] Phase phase1_endgame_puzzles failed, stopping orchestration
2026-05-01 19:01:39,099 [INFO] ================================================================================
2026-05-01 19:01:39,099 [INFO] 📋 Training Summary
2026-05-01 19:01:39,100 [INFO] ================================================================================
2026-05-01 19:01:39,100 [INFO] Completed phases: 0/4
2026-05-01 19:01:39,100 [INFO] Total time: 0:00:00.032938
2026-05-01 19:01:39,101 [INFO]   phase1_endgame_puzzles (v5.0): ❌ INCOMPLETE
2026-05-01 19:01:39,101 [INFO]   phase2_opening_theory (v5.1): ❌ INCOMPLETE
2026-05-01 19:01:39,101 [INFO]   phase3_master_games (v5.2): ❌ INCOMPLETE
2026-05-01 19:01:39,101 [INFO]   phase4_positional (v5.3): ❌ INCOMPLETE
2026-05-01 19:01:39,102 [INFO] ================================================================================
2026-05-01 19:01:39,102 [WARNING] ⚠️  Some phases incomplete
2026-05-01 19:02:39,522 [INFO] ================================================================================
2026-05-01 19:02:39,523 [INFO] 🚀 V7P3R AI 48-Hour Training Orchestrator
2026-05-01 19:02:39,523 [INFO] ================================================================================
2026-05-01 19:02:39,523 [INFO] Start time: 2026-05-01 19:02:39.522813
2026-05-01 19:02:39,523 [INFO] Target duration: 2 days, 0:00:00
2026-05-01 19:02:39,524 [INFO] Auto-recover: True
2026-05-01 19:02:39,524 [INFO] TensorBoard: True
2026-05-01 19:02:39,524 [INFO] ================================================================================
2026-05-01 19:02:39,525 [INFO] 📊 TensorBoard started on http://0.0.0.0:6006
2026-05-01 19:02:39,525 [INFO] Loaded state: Phase 0
2026-05-01 19:02:39,526 [INFO] 🚀 Starting phase1_endgame_puzzles: Endgame expansion + themed puzzles
2026-05-01 19:02:39,526 [WARNING] Data source not found: endgame_pgns
2026-05-01 19:02:39,527 [INFO] Required data not available, running extraction...
2026-05-01 19:02:39,527 [INFO] Running data extraction for phase1_endgame_puzzles...
2026-05-01 19:02:39,527 [WARNING] Extraction script not found: scripts/extract_endgame_positions.py
2026-05-01 19:02:39,528 [WARNING] Extraction script not found: scripts/extract_themed_puzzles.py
2026-05-01 19:02:39,530 [ERROR] ❌ phase1_endgame_puzzles failed after 3 attempts
2026-05-01 19:02:39,530 [ERROR] Phase phase1_endgame_puzzles failed, stopping orchestration
2026-05-01 19:02:39,530 [INFO] ================================================================================
2026-05-01 19:02:39,530 [INFO] 📋 Training Summary
2026-05-01 19:02:39,530 [INFO] ================================================================================
2026-05-01 19:02:39,531 [INFO] Completed phases: 0/4
2026-05-01 19:02:39,531 [INFO] Total time: 0:00:00.008616
2026-05-01 19:02:39,531 [INFO]   phase1_endgame_puzzles (v5.0): ❌ INCOMPLETE
2026-05-01 19:02:39,531 [INFO]   phase2_opening_theory (v5.1): ❌ INCOMPLETE
2026-05-01 19:02:39,532 [INFO]   phase3_master_games (v5.2): ❌ INCOMPLETE
2026-05-01 19:02:39,532 [INFO]   phase4_positional (v5.3): ❌ INCOMPLETE
2026-05-01 19:02:39,532 [INFO] ================================================================================
2026-05-01 19:02:39,532 [WARNING] ⚠️  Some phases incomplete
2026-05-01 19:03:39,998 [INFO] ================================================================================
2026-05-01 19:03:39,998 [INFO] 🚀 V7P3R AI 48-Hour Training Orchestrator
2026-05-01 19:03:39,998 [INFO] ================================================================================
2026-05-01 19:03:39,999 [INFO] Start time: 2026-05-01 19:03:39.997940
2026-05-01 19:03:39,999 [INFO] Target duration: 2 days, 0:00:00
2026-05-01 19:03:39,999 [INFO] Auto-recover: True
2026-05-01 19:03:39,999 [INFO] TensorBoard: True
2026-05-01 19:03:40,000 [INFO] ================================================================================
2026-05-01 19:03:40,001 [INFO] 📊 TensorBoard started on http://0.0.0.0:6006
2026-05-01 19:03:40,001 [INFO] Loaded state: Phase 0
2026-05-01 19:03:40,002 [INFO] 🚀 Starting phase1_endgame_puzzles: Endgame expansion + themed puzzles
2026-05-01 19:03:40,002 [WARNING] Data source not found: endgame_pgns
2026-05-01 19:03:40,002 [INFO] Required data not available, running extraction...
2026-05-01 19:03:40,003 [INFO] Running data extraction for phase1_endgame_puzzles...
2026-05-01 19:03:40,003 [WARNING] Extraction script not found: scripts/extract_endgame_positions.py
2026-05-01 19:03:40,003 [WARNING] Extraction script not found: scripts/extract_themed_puzzles.py
2026-05-01 19:03:40,005 [ERROR] ❌ phase1_endgame_puzzles failed after 3 attempts
2026-05-01 19:03:40,005 [ERROR] Phase phase1_endgame_puzzles failed, stopping orchestration
2026-05-01 19:03:40,005 [INFO] ================================================================================
2026-05-01 19:03:40,006 [INFO] 📋 Training Summary
2026-05-01 19:03:40,006 [INFO] ================================================================================
2026-05-01 19:03:40,006 [INFO] Completed phases: 0/4
2026-05-01 19:03:40,006 [INFO] Total time: 0:00:00.008945
2026-05-01 19:03:40,007 [INFO]   phase1_endgame_puzzles (v5.0): ❌ INCOMPLETE
2026-05-01 19:03:40,007 [INFO]   phase2_opening_theory (v5.1): ❌ INCOMPLETE
2026-05-01 19:03:40,007 [INFO]   phase3_master_games (v5.2): ❌ INCOMPLETE
2026-05-01 19:03:40,007 [INFO]   phase4_positional (v5.3): ❌ INCOMPLETE
2026-05-01 19:03:40,008 [INFO] ================================================================================
2026-05-01 19:03:40,008 [WARNING] ⚠️  Some phases incomplete
2026-05-01 19:04:40,439 [INFO] ================================================================================
2026-05-01 19:04:40,440 [INFO] 🚀 V7P3R AI 48-Hour Training Orchestrator
2026-05-01 19:04:40,440 [INFO] ================================================================================
2026-05-01 19:04:40,441 [INFO] Start time: 2026-05-01 19:04:40.439824
2026-05-01 19:04:40,441 [INFO] Target duration: 2 days, 0:00:00
2026-05-01 19:04:40,441 [INFO] Auto-recover: True
2026-05-01 19:04:40,442 [INFO] TensorBoard: True
2026-05-01 19:04:40,442 [INFO] ================================================================================
2026-05-01 19:04:40,443 [INFO] 📊 TensorBoard started on http://0.0.0.0:6006
2026-05-01 19:04:40,443 [INFO] Loaded state: Phase 0
2026-05-01 19:04:40,444 [INFO] 🚀 Starting phase1_endgame_puzzles: Endgame expansion + themed puzzles
2026-05-01 19:04:40,444 [WARNING] Data source not found: endgame_pgns
2026-05-01 19:04:40,445 [INFO] Required data not available, running extraction...
2026-05-01 19:04:40,445 [INFO] Running data extraction for phase1_endgame_puzzles...
2026-05-01 19:04:40,445 [WARNING] Extraction script not found: scripts/extract_endgame_positions.py
2026-05-01 19:04:40,446 [WARNING] Extraction script not found: scripts/extract_themed_puzzles.py
2026-05-01 19:04:40,447 [ERROR] ❌ phase1_endgame_puzzles failed after 3 attempts
2026-05-01 19:04:40,502 [ERROR] Phase phase1_endgame_puzzles failed, stopping orchestration
2026-05-01 19:04:40,503 [INFO] ================================================================================
2026-05-01 19:04:40,503 [INFO] 📋 Training Summary
2026-05-01 19:04:40,503 [INFO] ================================================================================
2026-05-01 19:04:40,504 [INFO] Completed phases: 0/4
2026-05-01 19:04:40,504 [INFO] Total time: 0:00:00.064722
2026-05-01 19:04:40,504 [INFO]   phase1_endgame_puzzles (v5.0): ❌ INCOMPLETE
2026-05-01 19:04:40,505 [INFO]   phase2_opening_theory (v5.1): ❌ INCOMPLETE
2026-05-01 19:04:40,505 [INFO]   phase3_master_games (v5.2): ❌ INCOMPLETE
2026-05-01 19:04:40,505 [INFO]   phase4_positional (v5.3): ❌ INCOMPLETE
2026-05-01 19:04:40,505 [INFO] ================================================================================
2026-05-01 19:04:40,505 [WARNING] ⚠️  Some phases incomplete
2026-05-01 19:05:40,914 [INFO] ================================================================================
2026-05-01 19:05:40,914 [INFO] 🚀 V7P3R AI 48-Hour Training Orchestrator
2026-05-01 19:05:40,915 [INFO] ================================================================================
2026-05-01 19:05:40,915 [INFO] Start time: 2026-05-01 19:05:40.914030
2026-05-01 19:05:40,916 [INFO] Target duration: 2 days, 0:00:00
2026-05-01 19:05:40,916 [INFO] Auto-recover: True
2026-05-01 19:05:40,917 [INFO] TensorBoard: True
2026-05-01 19:05:40,917 [INFO] ================================================================================
2026-05-01 19:05:40,919 [INFO] 📊 TensorBoard started on http://0.0.0.0:6006
2026-05-01 19:05:40,919 [INFO] Loaded state: Phase 0
2026-05-01 19:05:40,920 [INFO] 🚀 Starting phase1_endgame_puzzles: Endgame expansion + themed puzzles
2026-05-01 19:05:40,921 [WARNING] Data source not found: endgame_pgns
2026-05-01 19:05:40,921 [INFO] Required data not available, running extraction...
2026-05-01 19:05:40,921 [INFO] Running data extraction for phase1_endgame_puzzles...
2026-05-01 19:05:40,921 [WARNING] Extraction script not found: scripts/extract_endgame_positions.py
2026-05-01 19:05:40,922 [WARNING] Extraction script not found: scripts/extract_themed_puzzles.py
2026-05-01 19:05:40,923 [ERROR] ❌ phase1_endgame_puzzles failed after 3 attempts
2026-05-01 19:05:40,924 [ERROR] Phase phase1_endgame_puzzles failed, stopping orchestration
2026-05-01 19:05:40,924 [INFO] ================================================================================
2026-05-01 19:05:40,924 [INFO] 📋 Training Summary
2026-05-01 19:05:40,925 [INFO] ================================================================================
2026-05-01 19:05:40,925 [INFO] Completed phases: 0/4
2026-05-01 19:05:40,925 [INFO] Total time: 0:00:00.011400
2026-05-01 19:05:40,925 [INFO]   phase1_endgame_puzzles (v5.0): ❌ INCOMPLETE
2026-05-01 19:05:40,925 [INFO]   phase2_opening_theory (v5.1): ❌ INCOMPLETE
2026-05-01 19:05:40,925 [INFO]   phase3_master_games (v5.2): ❌ INCOMPLETE
2026-05-01 19:05:40,926 [INFO]   phase4_positional (v5.3): ❌ INCOMPLETE
2026-05-01 19:05:40,926 [INFO] ================================================================================
2026-05-01 19:05:40,926 [WARNING] ⚠️  Some phases incomplete
2026-05-01 19:06:41,338 [INFO] ================================================================================
2026-05-01 19:06:41,339 [INFO] 🚀 V7P3R AI 48-Hour Training Orchestrator
2026-05-01 19:06:41,339 [INFO] ================================================================================
2026-05-01 19:06:41,340 [INFO] Start time: 2026-05-01 19:06:41.338888
2026-05-01 19:06:41,340 [INFO] Target duration: 2 days, 0:00:00
2026-05-01 19:06:41,340 [INFO] Auto-recover: True
2026-05-01 19:06:41,341 [INFO] TensorBoard: True
2026-05-01 19:06:41,341 [INFO] ================================================================================
2026-05-01 19:06:41,342 [INFO] 📊 TensorBoard started on http://0.0.0.0:6006
2026-05-01 19:06:41,342 [INFO] Loaded state: Phase 0
2026-05-01 19:06:41,343 [INFO] 🚀 Starting phase1_endgame_puzzles: Endgame expansion + themed puzzles
2026-05-01 19:06:41,343 [WARNING] Data source not found: endgame_pgns
2026-05-01 19:06:41,343 [INFO] Required data not available, running extraction...
2026-05-01 19:06:41,344 [INFO] Running data extraction for phase1_endgame_puzzles...
2026-05-01 19:06:41,344 [WARNING] Extraction script not found: scripts/extract_endgame_positions.py
2026-05-01 19:06:41,344 [WARNING] Extraction script not found: scripts/extract_themed_puzzles.py
2026-05-01 19:06:41,346 [ERROR] ❌ phase1_endgame_puzzles failed after 3 attempts
2026-05-01 19:06:41,346 [ERROR] Phase phase1_endgame_puzzles failed, stopping orchestration
2026-05-01 19:06:41,346 [INFO] ================================================================================
2026-05-01 19:06:41,346 [INFO] 📋 Training Summary
2026-05-01 19:06:41,346 [INFO] ================================================================================
2026-05-01 19:06:41,347 [INFO] Completed phases: 0/4
2026-05-01 19:06:41,347 [INFO] Total time: 0:00:00.008326
2026-05-01 19:06:41,347 [INFO]   phase1_endgame_puzzles (v5.0): ❌ INCOMPLETE
2026-05-01 19:06:41,347 [INFO]   phase2_opening_theory (v5.1): ❌ INCOMPLETE
2026-05-01 19:06:41,347 [INFO]   phase3_master_games (v5.2): ❌ INCOMPLETE
2026-05-01 19:06:41,348 [INFO]   phase4_positional (v5.3): ❌ INCOMPLETE
2026-05-01 19:06:41,348 [INFO] ================================================================================
2026-05-01 19:06:41,348 [WARNING] ⚠️  Some phases incomplete
2026-05-01 19:07:41,776 [INFO] ================================================================================
2026-05-01 19:07:41,777 [INFO] 🚀 V7P3R AI 48-Hour Training Orchestrator
2026-05-01 19:07:41,777 [INFO] ================================================================================
2026-05-01 19:07:41,778 [INFO] Start time: 2026-05-01 19:07:41.776811
2026-05-01 19:07:41,778 [INFO] Target duration: 2 days, 0:00:00
2026-05-01 19:07:41,779 [INFO] Auto-recover: True
2026-05-01 19:07:41,779 [INFO] TensorBoard: True
2026-05-01 19:07:41,779 [INFO] ================================================================================
2026-05-01 19:07:41,780 [INFO] 📊 TensorBoard started on http://0.0.0.0:6006
2026-05-01 19:07:41,781 [INFO] Loaded state: Phase 0
2026-05-01 19:07:41,781 [INFO] 🚀 Starting phase1_endgame_puzzles: Endgame expansion + themed puzzles
2026-05-01 19:07:41,782 [WARNING] Data source not found: endgame_pgns
2026-05-01 19:07:41,782 [INFO] Required data not available, running extraction...
2026-05-01 19:07:41,782 [INFO] Running data extraction for phase1_endgame_puzzles...
2026-05-01 19:07:41,783 [WARNING] Extraction script not found: scripts/extract_endgame_positions.py
2026-05-01 19:07:41,783 [WARNING] Extraction script not found: scripts/extract_themed_puzzles.py
2026-05-01 19:07:41,784 [ERROR] ❌ phase1_endgame_puzzles failed after 3 attempts
2026-05-01 19:07:41,784 [ERROR] Phase phase1_endgame_puzzles failed, stopping orchestration
2026-05-01 19:07:41,785 [INFO] ================================================================================
2026-05-01 19:07:41,785 [INFO] 📋 Training Summary
2026-05-01 19:07:41,785 [INFO] ================================================================================
2026-05-01 19:07:41,785 [INFO] Completed phases: 0/4
2026-05-01 19:07:41,785 [INFO] Total time: 0:00:00.009110
2026-05-01 19:07:41,786 [INFO]   phase1_endgame_puzzles (v5.0): ❌ INCOMPLETE
2026-05-01 19:07:41,786 [INFO]   phase2_opening_theory (v5.1): ❌ INCOMPLETE
2026-05-01 19:07:41,786 [INFO]   phase3_master_games (v5.2): ❌ INCOMPLETE
2026-05-01 19:07:41,786 [INFO]   phase4_positional (v5.3): ❌ INCOMPLETE
2026-05-01 19:07:41,787 [INFO] ================================================================================
2026-05-01 19:07:41,787 [WARNING] ⚠️  Some phases incomplete
2026-05-01 19:08:42,198 [INFO] ================================================================================
2026-05-01 19:08:42,199 [INFO] 🚀 V7P3R AI 48-Hour Training Orchestrator
2026-05-01 19:08:42,199 [INFO] ================================================================================
2026-05-01 19:08:42,200 [INFO] Start time: 2026-05-01 19:08:42.198743
2026-05-01 19:08:42,200 [INFO] Target duration: 2 days, 0:00:00
2026-05-01 19:08:42,201 [INFO] Auto-recover: True
2026-05-01 19:08:42,201 [INFO] TensorBoard: True
2026-05-01 19:08:42,202 [INFO] ================================================================================
2026-05-01 19:08:42,203 [INFO] 📊 TensorBoard started on http://0.0.0.0:6006
2026-05-01 19:08:42,203 [INFO] Loaded state: Phase 0
2026-05-01 19:08:42,203 [INFO] 🚀 Starting phase1_endgame_puzzles: Endgame expansion + themed puzzles
2026-05-01 19:08:42,204 [WARNING] Data source not found: endgame_pgns
2026-05-01 19:08:42,204 [INFO] Required data not available, running extraction...
2026-05-01 19:08:42,204 [INFO] Running data extraction for phase1_endgame_puzzles...
2026-05-01 19:08:42,205 [WARNING] Extraction script not found: scripts/extract_endgame_positions.py
2026-05-01 19:08:42,205 [WARNING] Extraction script not found: scripts/extract_themed_puzzles.py
2026-05-01 19:08:42,206 [ERROR] ❌ phase1_endgame_puzzles failed after 3 attempts
2026-05-01 19:08:42,207 [ERROR] Phase phase1_endgame_puzzles failed, stopping orchestration
2026-05-01 19:08:42,207 [INFO] ================================================================================
2026-05-01 19:08:42,207 [INFO] 📋 Training Summary
2026-05-01 19:08:42,207 [INFO] ================================================================================
2026-05-01 19:08:42,208 [INFO] Completed phases: 0/4
2026-05-01 19:08:42,208 [INFO] Total time: 0:00:00.009812
2026-05-01 19:08:42,208 [INFO]   phase1_endgame_puzzles (v5.0): ❌ INCOMPLETE
2026-05-01 19:08:42,209 [INFO]   phase2_opening_theory (v5.1): ❌ INCOMPLETE
2026-05-01 19:08:42,209 [INFO]   phase3_master_games (v5.2): ❌ INCOMPLETE
2026-05-01 19:08:42,209 [INFO]   phase4_positional (v5.3): ❌ INCOMPLETE
2026-05-01 19:08:42,209 [INFO] ================================================================================
2026-05-01 19:08:42,209 [WARNING] ⚠️  Some phases incomplete
2026-05-01 19:09:42,672 [INFO] ================================================================================
2026-05-01 19:09:42,673 [INFO] 🚀 V7P3R AI 48-Hour Training Orchestrator
2026-05-01 19:09:42,673 [INFO] ================================================================================
2026-05-01 19:09:42,674 [INFO] Start time: 2026-05-01 19:09:42.672394
2026-05-01 19:09:42,674 [INFO] Target duration: 2 days, 0:00:00
2026-05-01 19:09:42,674 [INFO] Auto-recover: True
2026-05-01 19:09:42,675 [INFO] TensorBoard: True
2026-05-01 19:09:42,675 [INFO] ================================================================================
2026-05-01 19:09:42,677 [INFO] 📊 TensorBoard started on http://0.0.0.0:6006
2026-05-01 19:09:42,678 [INFO] Loaded state: Phase 0
2026-05-01 19:09:42,679 [INFO] 🚀 Starting phase1_endgame_puzzles: Endgame expansion + themed puzzles
2026-05-01 19:09:42,679 [WARNING] Data source not found: endgame_pgns
2026-05-01 19:09:42,680 [INFO] Required data not available, running extraction...
2026-05-01 19:09:42,680 [INFO] Running data extraction for phase1_endgame_puzzles...
2026-05-01 19:09:42,681 [WARNING] Extraction script not found: scripts/extract_endgame_positions.py
2026-05-01 19:09:42,681 [WARNING] Extraction script not found: scripts/extract_themed_puzzles.py
2026-05-01 19:09:42,683 [ERROR] ❌ phase1_endgame_puzzles failed after 3 attempts
2026-05-01 19:09:42,684 [ERROR] Phase phase1_endgame_puzzles failed, stopping orchestration
2026-05-01 19:09:42,684 [INFO] ================================================================================
2026-05-01 19:09:42,685 [INFO] 📋 Training Summary
2026-05-01 19:09:42,685 [INFO] ================================================================================
2026-05-01 19:09:42,685 [INFO] Completed phases: 0/4
2026-05-01 19:09:42,685 [INFO] Total time: 0:00:00.013555
2026-05-01 19:09:42,686 [INFO]   phase1_endgame_puzzles (v5.0): ❌ INCOMPLETE
2026-05-01 19:09:42,686 [INFO]   phase2_opening_theory (v5.1): ❌ INCOMPLETE
2026-05-01 19:09:42,686 [INFO]   phase3_master_games (v5.2): ❌ INCOMPLETE
2026-05-01 19:09:42,686 [INFO]   phase4_positional (v5.3): ❌ INCOMPLETE
2026-05-01 19:09:42,687 [INFO] ================================================================================
2026-05-01 19:09:42,687 [WARNING] ⚠️  Some phases incomplete
2026-05-01 19:10:43,108 [INFO] ================================================================================
2026-05-01 19:10:43,109 [INFO] 🚀 V7P3R AI 48-Hour Training Orchestrator
2026-05-01 19:10:43,109 [INFO] ================================================================================
2026-05-01 19:10:43,109 [INFO] Start time: 2026-05-01 19:10:43.108230
2026-05-01 19:10:43,110 [INFO] Target duration: 2 days, 0:00:00
2026-05-01 19:10:43,110 [INFO] Auto-recover: True
2026-05-01 19:10:43,110 [INFO] TensorBoard: True
2026-05-01 19:10:43,111 [INFO] ================================================================================
2026-05-01 19:10:43,112 [INFO] 📊 TensorBoard started on http://0.0.0.0:6006
2026-05-01 19:10:43,112 [INFO] Loaded state: Phase 0
2026-05-01 19:10:43,113 [INFO] 🚀 Starting phase1_endgame_puzzles: Endgame expansion + themed puzzles
2026-05-01 19:10:43,113 [WARNING] Data source not found: endgame_pgns
2026-05-01 19:10:43,113 [INFO] Required data not available, running extraction...
2026-05-01 19:10:43,113 [INFO] Running data extraction for phase1_endgame_puzzles...
2026-05-01 19:10:43,114 [WARNING] Extraction script not found: scripts/extract_endgame_positions.py
2026-05-01 19:10:43,114 [WARNING] Extraction script not found: scripts/extract_themed_puzzles.py
2026-05-01 19:10:43,115 [ERROR] ❌ phase1_endgame_puzzles failed after 3 attempts
2026-05-01 19:10:43,115 [ERROR] Phase phase1_endgame_puzzles failed, stopping orchestration
2026-05-01 19:10:43,116 [INFO] ================================================================================
2026-05-01 19:10:43,116 [INFO] 📋 Training Summary
2026-05-01 19:10:43,116 [INFO] ================================================================================
2026-05-01 19:10:43,116 [INFO] Completed phases: 0/4
2026-05-01 19:10:43,116 [INFO] Total time: 0:00:00.008553
2026-05-01 19:10:43,116 [INFO]   phase1_endgame_puzzles (v5.0): ❌ INCOMPLETE
2026-05-01 19:10:43,117 [INFO]   phase2_opening_theory (v5.1): ❌ INCOMPLETE
2026-05-01 19:10:43,117 [INFO]   phase3_master_games (v5.2): ❌ INCOMPLETE
2026-05-01 19:10:43,117 [INFO]   phase4_positional (v5.3): ❌ INCOMPLETE
2026-05-01 19:10:43,117 [INFO] ================================================================================
2026-05-01 19:10:43,117 [WARNING] ⚠️  Some phases incomplete
2026-05-01 19:11:43,504 [INFO] ================================================================================
2026-05-01 19:11:43,504 [INFO] 🚀 V7P3R AI 48-Hour Training Orchestrator
2026-05-01 19:11:43,505 [INFO] ================================================================================
2026-05-01 19:11:43,505 [INFO] Start time: 2026-05-01 19:11:43.504065
2026-05-01 19:11:43,506 [INFO] Target duration: 2 days, 0:00:00
2026-05-01 19:11:43,506 [INFO] Auto-recover: True
2026-05-01 19:11:43,506 [INFO] TensorBoard: True
2026-05-01 19:11:43,507 [INFO] ================================================================================
2026-05-01 19:11:43,508 [INFO] 📊 TensorBoard started on http://0.0.0.0:6006
2026-05-01 19:11:43,511 [INFO] Loaded state: Phase 0
2026-05-01 19:11:43,512 [INFO] 🚀 Starting phase1_endgame_puzzles: Endgame expansion + themed puzzles
2026-05-01 19:11:43,513 [WARNING] Data source not found: endgame_pgns
2026-05-01 19:11:43,514 [INFO] Required data not available, running extraction...
2026-05-01 19:11:43,514 [INFO] Running data extraction for phase1_endgame_puzzles...
2026-05-01 19:11:43,514 [WARNING] Extraction script not found: scripts/extract_endgame_positions.py
2026-05-01 19:11:43,515 [WARNING] Extraction script not found: scripts/extract_themed_puzzles.py
2026-05-01 19:11:43,517 [ERROR] ❌ phase1_endgame_puzzles failed after 3 attempts
2026-05-01 19:11:43,517 [ERROR] Phase phase1_endgame_puzzles failed, stopping orchestration
2026-05-01 19:11:43,517 [INFO] ================================================================================
2026-05-01 19:11:43,517 [INFO] 📋 Training Summary
2026-05-01 19:11:43,518 [INFO] ================================================================================
2026-05-01 19:11:43,518 [INFO] Completed phases: 0/4
2026-05-01 19:11:43,518 [INFO] Total time: 0:00:00.014296
2026-05-01 19:11:43,518 [INFO]   phase1_endgame_puzzles (v5.0): ❌ INCOMPLETE
2026-05-01 19:11:43,518 [INFO]   phase2_opening_theory (v5.1): ❌ INCOMPLETE
2026-05-01 19:11:43,518 [INFO]   phase3_master_games (v5.2): ❌ INCOMPLETE
2026-05-01 19:11:43,519 [INFO]   phase4_positional (v5.3): ❌ INCOMPLETE
2026-05-01 19:11:43,519 [INFO] ================================================================================
2026-05-01 19:11:43,519 [WARNING] ⚠️  Some phases incomplete
2026-05-01 19:12:43,906 [INFO] ================================================================================
2026-05-01 19:12:43,907 [INFO] 🚀 V7P3R AI 48-Hour Training Orchestrator
2026-05-01 19:12:43,907 [INFO] ================================================================================
2026-05-01 19:12:43,908 [INFO] Start time: 2026-05-01 19:12:43.906726
2026-05-01 19:12:43,908 [INFO] Target duration: 2 days, 0:00:00
2026-05-01 19:12:43,909 [INFO] Auto-recover: True
2026-05-01 19:12:43,909 [INFO] TensorBoard: True
2026-05-01 19:12:43,910 [INFO] ================================================================================
2026-05-01 19:12:43,910 [INFO] 📊 TensorBoard started on http://0.0.0.0:6006
2026-05-01 19:12:43,911 [INFO] Loaded state: Phase 0
2026-05-01 19:12:43,911 [INFO] 🚀 Starting phase1_endgame_puzzles: Endgame expansion + themed puzzles
2026-05-01 19:12:43,912 [WARNING] Data source not found: endgame_pgns
2026-05-01 19:12:43,912 [INFO] Required data not available, running extraction...
2026-05-01 19:12:43,912 [INFO] Running data extraction for phase1_endgame_puzzles...
2026-05-01 19:12:43,913 [WARNING] Extraction script not found: scripts/extract_endgame_positions.py
2026-05-01 19:12:43,913 [WARNING] Extraction script not found: scripts/extract_themed_puzzles.py
2026-05-01 19:12:43,915 [ERROR] ❌ phase1_endgame_puzzles failed after 3 attempts
2026-05-01 19:12:43,915 [ERROR] Phase phase1_endgame_puzzles failed, stopping orchestration
2026-05-01 19:12:43,916 [INFO] ================================================================================
2026-05-01 19:12:43,916 [INFO] 📋 Training Summary
2026-05-01 19:12:43,916 [INFO] ================================================================================
2026-05-01 19:12:43,916 [INFO] Completed phases: 0/4
2026-05-01 19:12:43,916 [INFO] Total time: 0:00:00.010112
2026-05-01 19:12:43,917 [INFO]   phase1_endgame_puzzles (v5.0): ❌ INCOMPLETE
2026-05-01 19:12:43,917 [INFO]   phase2_opening_theory (v5.1): ❌ INCOMPLETE
2026-05-01 19:12:43,917 [INFO]   phase3_master_games (v5.2): ❌ INCOMPLETE
2026-05-01 19:12:43,917 [INFO]   phase4_positional (v5.3): ❌ INCOMPLETE
2026-05-01 19:12:43,917 [INFO] ================================================================================
2026-05-01 19:12:43,918 [WARNING] ⚠️  Some phases incomplete
2026-05-01 19:13:44,337 [INFO] ================================================================================
2026-05-01 19:13:44,338 [INFO] 🚀 V7P3R AI 48-Hour Training Orchestrator
2026-05-01 19:13:44,338 [INFO] ================================================================================
2026-05-01 19:13:44,339 [INFO] Start time: 2026-05-01 19:13:44.337744
2026-05-01 19:13:44,339 [INFO] Target duration: 2 days, 0:00:00
2026-05-01 19:13:44,339 [INFO] Auto-recover: True
2026-05-01 19:13:44,340 [INFO] TensorBoard: True
2026-05-01 19:13:44,340 [INFO] ================================================================================
2026-05-01 19:13:44,360 [INFO] 📊 TensorBoard started on http://0.0.0.0:6006
2026-05-01 19:13:44,360 [INFO] Loaded state: Phase 0
2026-05-01 19:13:44,361 [INFO] 🚀 Starting phase1_endgame_puzzles: Endgame expansion + themed puzzles
2026-05-01 19:13:44,362 [WARNING] Data source not found: endgame_pgns
2026-05-01 19:13:44,362 [INFO] Required data not available, running extraction...
2026-05-01 19:13:44,363 [INFO] Running data extraction for phase1_endgame_puzzles...
2026-05-01 19:13:44,363 [WARNING] Extraction script not found: scripts/extract_endgame_positions.py
2026-05-01 19:13:44,363 [WARNING] Extraction script not found: scripts/extract_themed_puzzles.py
2026-05-01 19:13:44,366 [ERROR] ❌ phase1_endgame_puzzles failed after 3 attempts
2026-05-01 19:13:44,366 [ERROR] Phase phase1_endgame_puzzles failed, stopping orchestration
2026-05-01 19:13:44,366 [INFO] ================================================================================
2026-05-01 19:13:44,367 [INFO] 📋 Training Summary
2026-05-01 19:13:44,367 [INFO] ================================================================================
2026-05-01 19:13:44,367 [INFO] Completed phases: 0/4
2026-05-01 19:13:44,367 [INFO] Total time: 0:00:00.029982
2026-05-01 19:13:44,368 [INFO]   phase1_endgame_puzzles (v5.0): ❌ INCOMPLETE
2026-05-01 19:13:44,368 [INFO]   phase2_opening_theory (v5.1): ❌ INCOMPLETE
2026-05-01 19:13:44,369 [INFO]   phase3_master_games (v5.2): ❌ INCOMPLETE
2026-05-01 19:13:44,369 [INFO]   phase4_positional (v5.3): ❌ INCOMPLETE
2026-05-01 19:13:44,369 [INFO] ================================================================================
2026-05-01 19:13:44,369 [WARNING] ⚠️  Some phases incomplete
2026-05-01 19:14:44,835 [INFO] ================================================================================
2026-05-01 19:14:44,836 [INFO] 🚀 V7P3R AI 48-Hour Training Orchestrator
2026-05-01 19:14:44,836 [INFO] ================================================================================
2026-05-01 19:14:44,837 [INFO] Start time: 2026-05-01 19:14:44.835115
2026-05-01 19:14:44,837 [INFO] Target duration: 2 days, 0:00:00
2026-05-01 19:14:44,837 [INFO] Auto-recover: True
2026-05-01 19:14:44,838 [INFO] TensorBoard: True
2026-05-01 19:14:44,838 [INFO] ================================================================================
2026-05-01 19:14:44,839 [INFO] 📊 TensorBoard started on http://0.0.0.0:6006
2026-05-01 19:14:44,840 [INFO] Loaded state: Phase 0
2026-05-01 19:14:44,840 [INFO] 🚀 Starting phase1_endgame_puzzles: Endgame expansion + themed puzzles
2026-05-01 19:14:44,840 [WARNING] Data source not found: endgame_pgns
2026-05-01 19:14:44,841 [INFO] Required data not available, running extraction...
2026-05-01 19:14:44,841 [INFO] Running data extraction for phase1_endgame_puzzles...
2026-05-01 19:14:44,841 [WARNING] Extraction script not found: scripts/extract_endgame_positions.py
2026-05-01 19:14:44,841 [WARNING] Extraction script not found: scripts/extract_themed_puzzles.py
2026-05-01 19:14:44,843 [ERROR] ❌ phase1_endgame_puzzles failed after 3 attempts
2026-05-01 19:14:44,843 [ERROR] Phase phase1_endgame_puzzles failed, stopping orchestration
2026-05-01 19:14:44,843 [INFO] ================================================================================
2026-05-01 19:14:44,843 [INFO] 📋 Training Summary
2026-05-01 19:14:44,843 [INFO] ================================================================================
2026-05-01 19:14:44,844 [INFO] Completed phases: 0/4
2026-05-01 19:14:44,844 [INFO] Total time: 0:00:00.009309
2026-05-01 19:14:44,844 [INFO]   phase1_endgame_puzzles (v5.0): ❌ INCOMPLETE
2026-05-01 19:14:44,844 [INFO]   phase2_opening_theory (v5.1): ❌ INCOMPLETE
2026-05-01 19:14:44,845 [INFO]   phase3_master_games (v5.2): ❌ INCOMPLETE
2026-05-01 19:14:44,845 [INFO]   phase4_positional (v5.3): ❌ INCOMPLETE
2026-05-01 19:14:44,845 [INFO] ================================================================================
2026-05-01 19:14:44,845 [WARNING] ⚠️  Some phases incomplete
2026-05-01 19:15:45,243 [INFO] ================================================================================
2026-05-01 19:15:45,244 [INFO] 🚀 V7P3R AI 48-Hour Training Orchestrator
2026-05-01 19:15:45,244 [INFO] ================================================================================
2026-05-01 19:15:45,245 [INFO] Start time: 2026-05-01 19:15:45.243709
2026-05-01 19:15:45,245 [INFO] Target duration: 2 days, 0:00:00
2026-05-01 19:15:45,245 [INFO] Auto-recover: True
2026-05-01 19:15:45,246 [INFO] TensorBoard: True
2026-05-01 19:15:45,246 [INFO] ================================================================================
2026-05-01 19:15:45,247 [INFO] 📊 TensorBoard started on http://0.0.0.0:6006
2026-05-01 19:15:45,247 [INFO] Loaded state: Phase 0
2026-05-01 19:15:45,248 [INFO] 🚀 Starting phase1_endgame_puzzles: Endgame expansion + themed puzzles
2026-05-01 19:15:45,248 [WARNING] Data source not found: endgame_pgns
2026-05-01 19:15:45,249 [INFO] Required data not available, running extraction...
2026-05-01 19:15:45,249 [INFO] Running data extraction for phase1_endgame_puzzles...
2026-05-01 19:15:45,249 [WARNING] Extraction script not found: scripts/extract_endgame_positions.py
2026-05-01 19:15:45,249 [WARNING] Extraction script not found: scripts/extract_themed_puzzles.py
2026-05-01 19:15:45,250 [ERROR] ❌ phase1_endgame_puzzles failed after 3 attempts
2026-05-01 19:15:45,251 [ERROR] Phase phase1_endgame_puzzles failed, stopping orchestration
2026-05-01 19:15:45,251 [INFO] ================================================================================
2026-05-01 19:15:45,251 [INFO] 📋 Training Summary
2026-05-01 19:15:45,251 [INFO] ================================================================================
2026-05-01 19:15:45,252 [INFO] Completed phases: 0/4
2026-05-01 19:15:45,252 [INFO] Total time: 0:00:00.008590
2026-05-01 19:15:45,252 [INFO]   phase1_endgame_puzzles (v5.0): ❌ INCOMPLETE
2026-05-01 19:15:45,252 [INFO]   phase2_opening_theory (v5.1): ❌ INCOMPLETE
2026-05-01 19:15:45,252 [INFO]   phase3_master_games (v5.2): ❌ INCOMPLETE
2026-05-01 19:15:45,253 [INFO]   phase4_positional (v5.3): ❌ INCOMPLETE
2026-05-01 19:15:45,253 [INFO] ================================================================================
2026-05-01 19:15:45,253 [WARNING] ⚠️  Some phases incomplete
2026-05-01 19:16:45,727 [INFO] ================================================================================
2026-05-01 19:16:45,728 [INFO] 🚀 V7P3R AI 48-Hour Training Orchestrator
2026-05-01 19:16:45,728 [INFO] ================================================================================
2026-05-01 19:16:45,728 [INFO] Start time: 2026-05-01 19:16:45.727567
2026-05-01 19:16:45,728 [INFO] Target duration: 2 days, 0:00:00
2026-05-01 19:16:45,729 [INFO] Auto-recover: True
2026-05-01 19:16:45,729 [INFO] TensorBoard: True
2026-05-01 19:16:45,729 [INFO] ================================================================================
2026-05-01 19:16:45,730 [INFO] 📊 TensorBoard started on http://0.0.0.0:6006
2026-05-01 19:16:45,730 [INFO] Loaded state: Phase 0
2026-05-01 19:16:45,731 [INFO] 🚀 Starting phase1_endgame_puzzles: Endgame expansion + themed puzzles
2026-05-01 19:16:45,731 [WARNING] Data source not found: endgame_pgns
2026-05-01 19:16:45,731 [INFO] Required data not available, running extraction...
2026-05-01 19:16:45,731 [INFO] Running data extraction for phase1_endgame_puzzles...
2026-05-01 19:16:45,732 [WARNING] Extraction script not found: scripts/extract_endgame_positions.py
2026-05-01 19:16:45,732 [WARNING] Extraction script not found: scripts/extract_themed_puzzles.py
2026-05-01 19:16:45,733 [ERROR] ❌ phase1_endgame_puzzles failed after 3 attempts
2026-05-01 19:16:45,734 [ERROR] Phase phase1_endgame_puzzles failed, stopping orchestration
2026-05-01 19:16:45,734 [INFO] ================================================================================
2026-05-01 19:16:45,734 [INFO] 📋 Training Summary
2026-05-01 19:16:45,734 [INFO] ================================================================================
2026-05-01 19:16:45,735 [INFO] Completed phases: 0/4
2026-05-01 19:16:45,735 [INFO] Total time: 0:00:00.007635
2026-05-01 19:16:45,735 [INFO]   phase1_endgame_puzzles (v5.0): ❌ INCOMPLETE
2026-05-01 19:16:45,735 [INFO]   phase2_opening_theory (v5.1): ❌ INCOMPLETE
2026-05-01 19:16:45,735 [INFO]   phase3_master_games (v5.2): ❌ INCOMPLETE
2026-05-01 19:16:45,736 [INFO]   phase4_positional (v5.3): ❌ INCOMPLETE
2026-05-01 19:16:45,736 [INFO] ================================================================================
2026-05-01 19:16:45,736 [WARNING] ⚠️  Some phases incomplete
2026-05-01 19:17:46,187 [INFO] ================================================================================
2026-05-01 19:17:46,188 [INFO] 🚀 V7P3R AI 48-Hour Training Orchestrator
2026-05-01 19:17:46,188 [INFO] ================================================================================
2026-05-01 19:17:46,189 [INFO] Start time: 2026-05-01 19:17:46.187782
2026-05-01 19:17:46,189 [INFO] Target duration: 2 days, 0:00:00
2026-05-01 19:17:46,190 [INFO] Auto-recover: True
2026-05-01 19:17:46,190 [INFO] TensorBoard: True
2026-05-01 19:17:46,190 [INFO] ================================================================================
2026-05-01 19:17:46,192 [INFO] 📊 TensorBoard started on http://0.0.0.0:6006
2026-05-01 19:17:46,193 [INFO] Loaded state: Phase 0
2026-05-01 19:17:46,193 [INFO] 🚀 Starting phase1_endgame_puzzles: Endgame expansion + themed puzzles
2026-05-01 19:17:46,194 [WARNING] Data source not found: endgame_pgns
2026-05-01 19:17:46,194 [INFO] Required data not available, running extraction...
2026-05-01 19:17:46,194 [INFO] Running data extraction for phase1_endgame_puzzles...
2026-05-01 19:17:46,194 [WARNING] Extraction script not found: scripts/extract_endgame_positions.py
2026-05-01 19:17:46,195 [WARNING] Extraction script not found: scripts/extract_themed_puzzles.py
2026-05-01 19:17:46,196 [ERROR] ❌ phase1_endgame_puzzles failed after 3 attempts
2026-05-01 19:17:46,196 [ERROR] Phase phase1_endgame_puzzles failed, stopping orchestration
2026-05-01 19:17:46,196 [INFO] ================================================================================
2026-05-01 19:17:46,196 [INFO] 📋 Training Summary
2026-05-01 19:17:46,197 [INFO] ================================================================================
2026-05-01 19:17:46,197 [INFO] Completed phases: 0/4
2026-05-01 19:17:46,197 [INFO] Total time: 0:00:00.009656
2026-05-01 19:17:46,197 [INFO]   phase1_endgame_puzzles (v5.0): ❌ INCOMPLETE
2026-05-01 19:17:46,197 [INFO]   phase2_opening_theory (v5.1): ❌ INCOMPLETE
2026-05-01 19:17:46,198 [INFO]   phase3_master_games (v5.2): ❌ INCOMPLETE
2026-05-01 19:17:46,198 [INFO]   phase4_positional (v5.3): ❌ INCOMPLETE
2026-05-01 19:17:46,198 [INFO] ================================================================================
2026-05-01 19:17:46,198 [WARNING] ⚠️  Some phases incomplete
2026-05-01 19:18:46,716 [INFO] ================================================================================
2026-05-01 19:18:46,717 [INFO] 🚀 V7P3R AI 48-Hour Training Orchestrator
2026-05-01 19:18:46,717 [INFO] ================================================================================
2026-05-01 19:18:46,718 [INFO] Start time: 2026-05-01 19:18:46.716360
2026-05-01 19:18:46,718 [INFO] Target duration: 2 days, 0:00:00
2026-05-01 19:18:46,718 [INFO] Auto-recover: True
2026-05-01 19:18:46,719 [INFO] TensorBoard: True
2026-05-01 19:18:46,719 [INFO] ================================================================================
2026-05-01 19:18:46,720 [INFO] 📊 TensorBoard started on http://0.0.0.0:6006
2026-05-01 19:18:46,720 [INFO] Loaded state: Phase 0
2026-05-01 19:18:46,721 [INFO] 🚀 Starting phase1_endgame_puzzles: Endgame expansion + themed puzzles
2026-05-01 19:18:46,721 [WARNING] Data source not found: endgame_pgns
2026-05-01 19:18:46,722 [INFO] Required data not available, running extraction...
2026-05-01 19:18:46,722 [INFO] Running data extraction for phase1_endgame_puzzles...
2026-05-01 19:18:46,740 [WARNING] Extraction script not found: scripts/extract_endgame_positions.py
2026-05-01 19:18:46,740 [WARNING] Extraction script not found: scripts/extract_themed_puzzles.py
2026-05-01 19:18:46,743 [ERROR] ❌ phase1_endgame_puzzles failed after 3 attempts
2026-05-01 19:18:46,744 [ERROR] Phase phase1_endgame_puzzles failed, stopping orchestration
2026-05-01 19:18:46,744 [INFO] ================================================================================
2026-05-01 19:18:46,744 [INFO] 📋 Training Summary
2026-05-01 19:18:46,745 [INFO] ================================================================================
2026-05-01 19:18:46,745 [INFO] Completed phases: 0/4
2026-05-01 19:18:46,745 [INFO] Total time: 0:00:00.029185
2026-05-01 19:18:46,745 [INFO]   phase1_endgame_puzzles (v5.0): ❌ INCOMPLETE
2026-05-01 19:18:46,746 [INFO]   phase2_opening_theory (v5.1): ❌ INCOMPLETE
2026-05-01 19:18:46,746 [INFO]   phase3_master_games (v5.2): ❌ INCOMPLETE
2026-05-01 19:18:46,746 [INFO]   phase4_positional (v5.3): ❌ INCOMPLETE
2026-05-01 19:18:46,746 [INFO] ================================================================================
2026-05-01 19:18:46,747 [WARNING] ⚠️  Some phases incomplete
2026-05-01 19:19:47,288 [INFO] ================================================================================
2026-05-01 19:19:47,288 [INFO] 🚀 V7P3R AI 48-Hour Training Orchestrator
2026-05-01 19:19:47,289 [INFO] ================================================================================
2026-05-01 19:19:47,289 [INFO] Start time: 2026-05-01 19:19:47.288443
2026-05-01 19:19:47,289 [INFO] Target duration: 2 days, 0:00:00
2026-05-01 19:19:47,290 [INFO] Auto-recover: True
2026-05-01 19:19:47,290 [INFO] TensorBoard: True
2026-05-01 19:19:47,290 [INFO] ================================================================================
2026-05-01 19:19:47,291 [INFO] 📊 TensorBoard started on http://0.0.0.0:6006
2026-05-01 19:19:47,291 [INFO] Loaded state: Phase 0
2026-05-01 19:19:47,292 [INFO] 🚀 Starting phase1_endgame_puzzles: Endgame expansion + themed puzzles
2026-05-01 19:19:47,293 [WARNING] Data source not found: endgame_pgns
2026-05-01 19:19:47,293 [INFO] Required data not available, running extraction...
2026-05-01 19:19:47,293 [INFO] Running data extraction for phase1_endgame_puzzles...
2026-05-01 19:19:47,294 [WARNING] Extraction script not found: scripts/extract_endgame_positions.py
2026-05-01 19:19:47,294 [WARNING] Extraction script not found: scripts/extract_themed_puzzles.py
2026-05-01 19:19:47,295 [ERROR] ❌ phase1_endgame_puzzles failed after 3 attempts
2026-05-01 19:19:47,296 [ERROR] Phase phase1_endgame_puzzles failed, stopping orchestration
2026-05-01 19:19:47,296 [INFO] ================================================================================
2026-05-01 19:19:47,296 [INFO] 📋 Training Summary
2026-05-01 19:19:47,297 [INFO] ================================================================================
2026-05-01 19:19:47,297 [INFO] Completed phases: 0/4
2026-05-01 19:19:47,297 [INFO] Total time: 0:00:00.008938
2026-05-01 19:19:47,297 [INFO]   phase1_endgame_puzzles (v5.0): ❌ INCOMPLETE
2026-05-01 19:19:47,297 [INFO]   phase2_opening_theory (v5.1): ❌ INCOMPLETE
2026-05-01 19:19:47,297 [INFO]   phase3_master_games (v5.2): ❌ INCOMPLETE
2026-05-01 19:19:47,298 [INFO]   phase4_positional (v5.3): ❌ INCOMPLETE
2026-05-01 19:19:47,298 [INFO] ================================================================================
2026-05-01 19:19:47,298 [WARNING] ⚠️  Some phases incomplete
2026-05-01 19:20:47,686 [INFO] ================================================================================
2026-05-01 19:20:47,687 [INFO] 🚀 V7P3R AI 48-Hour Training Orchestrator
2026-05-01 19:20:47,687 [INFO] ================================================================================
2026-05-01 19:20:47,688 [INFO] Start time: 2026-05-01 19:20:47.686703
2026-05-01 19:20:47,688 [INFO] Target duration: 2 days, 0:00:00
2026-05-01 19:20:47,688 [INFO] Auto-recover: True
2026-05-01 19:20:47,688 [INFO] TensorBoard: True
2026-05-01 19:20:47,689 [INFO] ================================================================================
2026-05-01 19:20:47,689 [INFO] 📊 TensorBoard started on http://0.0.0.0:6006
2026-05-01 19:20:47,689 [INFO] Loaded state: Phase 0
2026-05-01 19:20:47,690 [INFO] 🚀 Starting phase1_endgame_puzzles: Endgame expansion + themed puzzles
2026-05-01 19:20:47,690 [WARNING] Data source not found: endgame_pgns
2026-05-01 19:20:47,690 [INFO] Required data not available, running extraction...
2026-05-01 19:20:47,691 [INFO] Running data extraction for phase1_endgame_puzzles...
2026-05-01 19:20:47,691 [WARNING] Extraction script not found: scripts/extract_endgame_positions.py
2026-05-01 19:20:47,691 [WARNING] Extraction script not found: scripts/extract_themed_puzzles.py
2026-05-01 19:20:47,692 [ERROR] ❌ phase1_endgame_puzzles failed after 3 attempts
2026-05-01 19:20:47,692 [ERROR] Phase phase1_endgame_puzzles failed, stopping orchestration
2026-05-01 19:20:47,693 [INFO] ================================================================================
2026-05-01 19:20:47,693 [INFO] 📋 Training Summary
2026-05-01 19:20:47,693 [INFO] ================================================================================
2026-05-01 19:20:47,693 [INFO] Completed phases: 0/4
2026-05-01 19:20:47,693 [INFO] Total time: 0:00:00.007184
2026-05-01 19:20:47,694 [INFO]   phase1_endgame_puzzles (v5.0): ❌ INCOMPLETE
2026-05-01 19:20:47,694 [INFO]   phase2_opening_theory (v5.1): ❌ INCOMPLETE
2026-05-01 19:20:47,694 [INFO]   phase3_master_games (v5.2): ❌ INCOMPLETE
2026-05-01 19:20:47,694 [INFO]   phase4_positional (v5.3): ❌ INCOMPLETE
2026-05-01 19:20:47,695 [INFO] ================================================================================
2026-05-01 19:20:47,695 [WARNING] ⚠️  Some phases incomplete
2026-05-01 19:21:48,105 [INFO] ================================================================================
2026-05-01 19:21:48,106 [INFO] 🚀 V7P3R AI 48-Hour Training Orchestrator
2026-05-01 19:21:48,106 [INFO] ================================================================================
2026-05-01 19:21:48,106 [INFO] Start time: 2026-05-01 19:21:48.105384
2026-05-01 19:21:48,107 [INFO] Target duration: 2 days, 0:00:00
2026-05-01 19:21:48,107 [INFO] Auto-recover: True
2026-05-01 19:21:48,107 [INFO] TensorBoard: True
2026-05-01 19:21:48,107 [INFO] ================================================================================
2026-05-01 19:21:48,108 [INFO] 📊 TensorBoard started on http://0.0.0.0:6006
2026-05-01 19:21:48,109 [INFO] Loaded state: Phase 0
2026-05-01 19:21:48,109 [INFO] 🚀 Starting phase1_endgame_puzzles: Endgame expansion + themed puzzles
2026-05-01 19:21:48,109 [WARNING] Data source not found: endgame_pgns
2026-05-01 19:21:48,110 [INFO] Required data not available, running extraction...
2026-05-01 19:21:48,110 [INFO] Running data extraction for phase1_endgame_puzzles...
2026-05-01 19:21:48,110 [WARNING] Extraction script not found: scripts/extract_endgame_positions.py
2026-05-01 19:21:48,110 [WARNING] Extraction script not found: scripts/extract_themed_puzzles.py
2026-05-01 19:21:48,112 [ERROR] ❌ phase1_endgame_puzzles failed after 3 attempts
2026-05-01 19:21:48,112 [ERROR] Phase phase1_endgame_puzzles failed, stopping orchestration
2026-05-01 19:21:48,112 [INFO] ================================================================================
2026-05-01 19:21:48,112 [INFO] 📋 Training Summary
2026-05-01 19:21:48,113 [INFO] ================================================================================
2026-05-01 19:21:48,113 [INFO] Completed phases: 0/4
2026-05-01 19:21:48,113 [INFO] Total time: 0:00:00.008259
2026-05-01 19:21:48,113 [INFO]   phase1_endgame_puzzles (v5.0): ❌ INCOMPLETE
2026-05-01 19:21:48,114 [INFO]   phase2_opening_theory (v5.1): ❌ INCOMPLETE
2026-05-01 19:21:48,114 [INFO]   phase3_master_games (v5.2): ❌ INCOMPLETE
2026-05-01 19:21:48,114 [INFO]   phase4_positional (v5.3): ❌ INCOMPLETE
2026-05-01 19:21:48,115 [INFO] ================================================================================
2026-05-01 19:21:48,169 [WARNING] ⚠️  Some phases incomplete
2026-05-01 19:22:48,555 [INFO] ================================================================================
2026-05-01 19:22:48,555 [INFO] 🚀 V7P3R AI 48-Hour Training Orchestrator
2026-05-01 19:22:48,556 [INFO] ================================================================================
2026-05-01 19:22:48,556 [INFO] Start time: 2026-05-01 19:22:48.554973
2026-05-01 19:22:48,556 [INFO] Target duration: 2 days, 0:00:00
2026-05-01 19:22:48,557 [INFO] Auto-recover: True
2026-05-01 19:22:48,557 [INFO] TensorBoard: True
2026-05-01 19:22:48,558 [INFO] ================================================================================
2026-05-01 19:22:48,558 [INFO] 📊 TensorBoard started on http://0.0.0.0:6006
2026-05-01 19:22:48,559 [INFO] Loaded state: Phase 0
2026-05-01 19:22:48,559 [INFO] 🚀 Starting phase1_endgame_puzzles: Endgame expansion + themed puzzles
2026-05-01 19:22:48,559 [WARNING] Data source not found: endgame_pgns
2026-05-01 19:22:48,560 [INFO] Required data not available, running extraction...
2026-05-01 19:22:48,560 [INFO] Running data extraction for phase1_endgame_puzzles...
2026-05-01 19:22:48,560 [WARNING] Extraction script not found: scripts/extract_endgame_positions.py
2026-05-01 19:22:48,560 [WARNING] Extraction script not found: scripts/extract_themed_puzzles.py
2026-05-01 19:22:48,562 [ERROR] ❌ phase1_endgame_puzzles failed after 3 attempts
2026-05-01 19:22:48,562 [ERROR] Phase phase1_endgame_puzzles failed, stopping orchestration
2026-05-01 19:22:48,562 [INFO] ================================================================================
2026-05-01 19:22:48,562 [INFO] 📋 Training Summary
2026-05-01 19:22:48,562 [INFO] ================================================================================
2026-05-01 19:22:48,563 [INFO] Completed phases: 0/4
2026-05-01 19:22:48,563 [INFO] Total time: 0:00:00.008250
2026-05-01 19:22:48,563 [INFO]   phase1_endgame_puzzles (v5.0): ❌ INCOMPLETE
2026-05-01 19:22:48,563 [INFO]   phase2_opening_theory (v5.1): ❌ INCOMPLETE
2026-05-01 19:22:48,563 [INFO]   phase3_master_games (v5.2): ❌ INCOMPLETE
2026-05-01 19:22:48,564 [INFO]   phase4_positional (v5.3): ❌ INCOMPLETE
2026-05-01 19:22:48,564 [INFO] ================================================================================
2026-05-01 19:22:48,565 [WARNING] ⚠️  Some phases incomplete
2026-05-01 19:23:49,008 [INFO] ================================================================================
2026-05-01 19:23:49,009 [INFO] 🚀 V7P3R AI 48-Hour Training Orchestrator
2026-05-01 19:23:49,009 [INFO] ================================================================================
2026-05-01 19:23:49,010 [INFO] Start time: 2026-05-01 19:23:49.008868
2026-05-01 19:23:49,010 [INFO] Target duration: 2 days, 0:00:00
2026-05-01 19:23:49,010 [INFO] Auto-recover: True
2026-05-01 19:23:49,011 [INFO] TensorBoard: True
2026-05-01 19:23:49,011 [INFO] ================================================================================
2026-05-01 19:23:49,012 [INFO] 📊 TensorBoard started on http://0.0.0.0:6006
2026-05-01 19:23:49,012 [INFO] Loaded state: Phase 0
2026-05-01 19:23:49,013 [INFO] 🚀 Starting phase1_endgame_puzzles: Endgame expansion + themed puzzles
2026-05-01 19:23:49,013 [WARNING] Data source not found: endgame_pgns
2026-05-01 19:23:49,013 [INFO] Required data not available, running extraction...
2026-05-01 19:23:49,014 [INFO] Running data extraction for phase1_endgame_puzzles...
2026-05-01 19:23:49,014 [WARNING] Extraction script not found: scripts/extract_endgame_positions.py
2026-05-01 19:23:49,014 [WARNING] Extraction script not found: scripts/extract_themed_puzzles.py
2026-05-01 19:23:49,015 [ERROR] ❌ phase1_endgame_puzzles failed after 3 attempts
2026-05-01 19:23:49,016 [ERROR] Phase phase1_endgame_puzzles failed, stopping orchestration
2026-05-01 19:23:49,016 [INFO] ================================================================================
2026-05-01 19:23:49,016 [INFO] 📋 Training Summary
2026-05-01 19:23:49,016 [INFO] ================================================================================
2026-05-01 19:23:49,017 [INFO] Completed phases: 0/4
2026-05-01 19:23:49,017 [INFO] Total time: 0:00:00.008503
2026-05-01 19:23:49,017 [INFO]   phase1_endgame_puzzles (v5.0): ❌ INCOMPLETE
2026-05-01 19:23:49,017 [INFO]   phase2_opening_theory (v5.1): ❌ INCOMPLETE
2026-05-01 19:23:49,017 [INFO]   phase3_master_games (v5.2): ❌ INCOMPLETE
2026-05-01 19:23:49,018 [INFO]   phase4_positional (v5.3): ❌ INCOMPLETE
2026-05-01 19:23:49,018 [INFO] ================================================================================
2026-05-01 19:23:49,018 [WARNING] ⚠️  Some phases incomplete
2026-05-01 19:24:49,439 [INFO] ================================================================================
2026-05-01 19:24:49,440 [INFO] 🚀 V7P3R AI 48-Hour Training Orchestrator
2026-05-01 19:24:49,440 [INFO] ================================================================================
2026-05-01 19:24:49,441 [INFO] Start time: 2026-05-01 19:24:49.439871
2026-05-01 19:24:49,441 [INFO] Target duration: 2 days, 0:00:00
2026-05-01 19:24:49,442 [INFO] Auto-recover: True
2026-05-01 19:24:49,442 [INFO] TensorBoard: True
2026-05-01 19:24:49,442 [INFO] ================================================================================
2026-05-01 19:24:49,443 [INFO] 📊 TensorBoard started on http://0.0.0.0:6006
2026-05-01 19:24:49,443 [INFO] Loaded state: Phase 0
2026-05-01 19:24:49,444 [INFO] 🚀 Starting phase1_endgame_puzzles: Endgame expansion + themed puzzles
2026-05-01 19:24:49,444 [WARNING] Data source not found: endgame_pgns
2026-05-01 19:24:49,445 [INFO] Required data not available, running extraction...
2026-05-01 19:24:49,445 [INFO] Running data extraction for phase1_endgame_puzzles...
2026-05-01 19:24:49,445 [WARNING] Extraction script not found: scripts/extract_endgame_positions.py
2026-05-01 19:24:49,445 [WARNING] Extraction script not found: scripts/extract_themed_puzzles.py
2026-05-01 19:24:49,447 [ERROR] ❌ phase1_endgame_puzzles failed after 3 attempts
2026-05-01 19:24:49,447 [ERROR] Phase phase1_endgame_puzzles failed, stopping orchestration
2026-05-01 19:24:49,447 [INFO] ================================================================================
2026-05-01 19:24:49,447 [INFO] 📋 Training Summary
2026-05-01 19:24:49,447 [INFO] ================================================================================
2026-05-01 19:24:49,448 [INFO] Completed phases: 0/4
2026-05-01 19:24:49,448 [INFO] Total time: 0:00:00.008475
2026-05-01 19:24:49,448 [INFO]   phase1_endgame_puzzles (v5.0): ❌ INCOMPLETE
2026-05-01 19:24:49,448 [INFO]   phase2_opening_theory (v5.1): ❌ INCOMPLETE
2026-05-01 19:24:49,448 [INFO]   phase3_master_games (v5.2): ❌ INCOMPLETE
2026-05-01 19:24:49,449 [INFO]   phase4_positional (v5.3): ❌ INCOMPLETE
2026-05-01 19:24:49,449 [INFO] ================================================================================
2026-05-01 19:24:49,449 [WARNING] ⚠️  Some phases incomplete
2026-05-01 19:25:49,858 [INFO] ================================================================================
2026-05-01 19:25:49,859 [INFO] 🚀 V7P3R AI 48-Hour Training Orchestrator
2026-05-01 19:25:49,859 [INFO] ================================================================================
2026-05-01 19:25:49,860 [INFO] Start time: 2026-05-01 19:25:49.858666
2026-05-01 19:25:49,860 [INFO] Target duration: 2 days, 0:00:00
2026-05-01 19:25:49,861 [INFO] Auto-recover: True
2026-05-01 19:25:49,861 [INFO] TensorBoard: True
2026-05-01 19:25:49,862 [INFO] ================================================================================
2026-05-01 19:25:49,863 [INFO] 📊 TensorBoard started on http://0.0.0.0:6006
2026-05-01 19:25:49,863 [INFO] Loaded state: Phase 0
2026-05-01 19:25:49,864 [INFO] 🚀 Starting phase1_endgame_puzzles: Endgame expansion + themed puzzles
2026-05-01 19:25:49,864 [WARNING] Data source not found: endgame_pgns
2026-05-01 19:25:49,865 [INFO] Required data not available, running extraction...
2026-05-01 19:25:49,865 [INFO] Running data extraction for phase1_endgame_puzzles...
2026-05-01 19:25:49,866 [WARNING] Extraction script not found: scripts/extract_endgame_positions.py
2026-05-01 19:25:49,866 [WARNING] Extraction script not found: scripts/extract_themed_puzzles.py
2026-05-01 19:25:49,867 [ERROR] ❌ phase1_endgame_puzzles failed after 3 attempts
2026-05-01 19:25:49,867 [ERROR] Phase phase1_endgame_puzzles failed, stopping orchestration
2026-05-01 19:25:49,867 [INFO] ================================================================================
2026-05-01 19:25:49,868 [INFO] 📋 Training Summary
2026-05-01 19:25:49,868 [INFO] ================================================================================
2026-05-01 19:25:49,868 [INFO] Completed phases: 0/4
2026-05-01 19:25:49,868 [INFO] Total time: 0:00:00.010161
2026-05-01 19:25:49,869 [INFO]   phase1_endgame_puzzles (v5.0): ❌ INCOMPLETE
2026-05-01 19:25:49,869 [INFO]   phase2_opening_theory (v5.1): ❌ INCOMPLETE
2026-05-01 19:25:49,869 [INFO]   phase3_master_games (v5.2): ❌ INCOMPLETE
2026-05-01 19:25:49,870 [INFO]   phase4_positional (v5.3): ❌ INCOMPLETE
2026-05-01 19:25:49,870 [INFO] ================================================================================
2026-05-01 19:25:49,870 [WARNING] ⚠️  Some phases incomplete
2026-05-01 19:26:50,290 [INFO] ================================================================================
2026-05-01 19:26:50,291 [INFO] 🚀 V7P3R AI 48-Hour Training Orchestrator
2026-05-01 19:26:50,291 [INFO] ================================================================================
2026-05-01 19:26:50,292 [INFO] Start time: 2026-05-01 19:26:50.290121
2026-05-01 19:26:50,292 [INFO] Target duration: 2 days, 0:00:00
2026-05-01 19:26:50,292 [INFO] Auto-recover: True
2026-05-01 19:26:50,293 [INFO] TensorBoard: True
2026-05-01 19:26:50,293 [INFO] ================================================================================
2026-05-01 19:26:50,294 [INFO] 📊 TensorBoard started on http://0.0.0.0:6006
2026-05-01 19:26:50,294 [INFO] Loaded state: Phase 0
2026-05-01 19:26:50,295 [INFO] 🚀 Starting phase1_endgame_puzzles: Endgame expansion + themed puzzles
2026-05-01 19:26:50,295 [WARNING] Data source not found: endgame_pgns
2026-05-01 19:26:50,296 [INFO] Required data not available, running extraction...
2026-05-01 19:26:50,296 [INFO] Running data extraction for phase1_endgame_puzzles...
2026-05-01 19:26:50,296 [WARNING] Extraction script not found: scripts/extract_endgame_positions.py
2026-05-01 19:26:50,296 [WARNING] Extraction script not found: scripts/extract_themed_puzzles.py
2026-05-01 19:26:50,297 [ERROR] ❌ phase1_endgame_puzzles failed after 3 attempts
2026-05-01 19:26:50,298 [ERROR] Phase phase1_endgame_puzzles failed, stopping orchestration
2026-05-01 19:26:50,298 [INFO] ================================================================================
2026-05-01 19:26:50,298 [INFO] 📋 Training Summary
2026-05-01 19:26:50,298 [INFO] ================================================================================
2026-05-01 19:26:50,298 [INFO] Completed phases: 0/4
2026-05-01 19:26:50,299 [INFO] Total time: 0:00:00.008977
2026-05-01 19:26:50,299 [INFO]   phase1_endgame_puzzles (v5.0): ❌ INCOMPLETE
2026-05-01 19:26:50,299 [INFO]   phase2_opening_theory (v5.1): ❌ INCOMPLETE
2026-05-01 19:26:50,299 [INFO]   phase3_master_games (v5.2): ❌ INCOMPLETE
2026-05-01 19:26:50,299 [INFO]   phase4_positional (v5.3): ❌ INCOMPLETE
2026-05-01 19:26:50,299 [INFO] ================================================================================
2026-05-01 19:26:50,300 [WARNING] ⚠️  Some phases incomplete
2026-05-01 19:27:50,711 [INFO] ================================================================================
2026-05-01 19:27:50,712 [INFO] 🚀 V7P3R AI 48-Hour Training Orchestrator
2026-05-01 19:27:50,712 [INFO] ================================================================================
2026-05-01 19:27:50,713 [INFO] Start time: 2026-05-01 19:27:50.711402
2026-05-01 19:27:50,713 [INFO] Target duration: 2 days, 0:00:00
2026-05-01 19:27:50,714 [INFO] Auto-recover: True
2026-05-01 19:27:50,714 [INFO] TensorBoard: True
2026-05-01 19:27:50,714 [INFO] ================================================================================
2026-05-01 19:27:50,715 [INFO] 📊 TensorBoard started on http://0.0.0.0:6006
2026-05-01 19:27:50,716 [INFO] Loaded state: Phase 0
2026-05-01 19:27:50,716 [INFO] 🚀 Starting phase1_endgame_puzzles: Endgame expansion + themed puzzles
2026-05-01 19:27:50,717 [WARNING] Data source not found: endgame_pgns
2026-05-01 19:27:50,717 [INFO] Required data not available, running extraction...
2026-05-01 19:27:50,717 [INFO] Running data extraction for phase1_endgame_puzzles...
2026-05-01 19:27:50,717 [WARNING] Extraction script not found: scripts/extract_endgame_positions.py
2026-05-01 19:27:50,718 [WARNING] Extraction script not found: scripts/extract_themed_puzzles.py
2026-05-01 19:27:50,719 [ERROR] ❌ phase1_endgame_puzzles failed after 3 attempts
2026-05-01 19:27:50,719 [ERROR] Phase phase1_endgame_puzzles failed, stopping orchestration
2026-05-01 19:27:50,719 [INFO] ================================================================================
2026-05-01 19:27:50,719 [INFO] 📋 Training Summary
2026-05-01 19:27:50,720 [INFO] ================================================================================
2026-05-01 19:27:50,720 [INFO] Completed phases: 0/4
2026-05-01 19:27:50,720 [INFO] Total time: 0:00:00.009077
2026-05-01 19:27:50,720 [INFO]   phase1_endgame_puzzles (v5.0): ❌ INCOMPLETE
2026-05-01 19:27:50,720 [INFO]   phase2_opening_theory (v5.1): ❌ INCOMPLETE
2026-05-01 19:27:50,721 [INFO]   phase3_master_games (v5.2): ❌ INCOMPLETE
2026-05-01 19:27:50,721 [INFO]   phase4_positional (v5.3): ❌ INCOMPLETE
2026-05-01 19:27:50,721 [INFO] ================================================================================
2026-05-01 19:27:50,721 [WARNING] ⚠️  Some phases incomplete
2026-05-01 19:28:51,116 [INFO] ================================================================================
2026-05-01 19:28:51,117 [INFO] 🚀 V7P3R AI 48-Hour Training Orchestrator
2026-05-01 19:28:51,118 [INFO] ================================================================================
2026-05-01 19:28:51,118 [INFO] Start time: 2026-05-01 19:28:51.116872
2026-05-01 19:28:51,119 [INFO] Target duration: 2 days, 0:00:00
2026-05-01 19:28:51,119 [INFO] Auto-recover: True
2026-05-01 19:28:51,119 [INFO] TensorBoard: True
2026-05-01 19:28:51,120 [INFO] ================================================================================
2026-05-01 19:28:51,121 [INFO] 📊 TensorBoard started on http://0.0.0.0:6006
2026-05-01 19:28:51,121 [INFO] Loaded state: Phase 0
2026-05-01 19:28:51,122 [INFO] 🚀 Starting phase1_endgame_puzzles: Endgame expansion + themed puzzles
2026-05-01 19:28:51,122 [WARNING] Data source not found: endgame_pgns
2026-05-01 19:28:51,123 [INFO] Required data not available, running extraction...
2026-05-01 19:28:51,123 [INFO] Running data extraction for phase1_endgame_puzzles...
2026-05-01 19:28:51,123 [WARNING] Extraction script not found: scripts/extract_endgame_positions.py
2026-05-01 19:28:51,123 [WARNING] Extraction script not found: scripts/extract_themed_puzzles.py
2026-05-01 19:28:51,125 [ERROR] ❌ phase1_endgame_puzzles failed after 3 attempts
2026-05-01 19:28:51,125 [ERROR] Phase phase1_endgame_puzzles failed, stopping orchestration
2026-05-01 19:28:51,126 [INFO] ================================================================================
2026-05-01 19:28:51,126 [INFO] 📋 Training Summary
2026-05-01 19:28:51,126 [INFO] ================================================================================
2026-05-01 19:28:51,126 [INFO] Completed phases: 0/4
2026-05-01 19:28:51,127 [INFO] Total time: 0:00:00.010139
2026-05-01 19:28:51,127 [INFO]   phase1_endgame_puzzles (v5.0): ❌ INCOMPLETE
2026-05-01 19:28:51,127 [INFO]   phase2_opening_theory (v5.1): ❌ INCOMPLETE
2026-05-01 19:28:51,127 [INFO]   phase3_master_games (v5.2): ❌ INCOMPLETE
2026-05-01 19:28:51,149 [INFO]   phase4_positional (v5.3): ❌ INCOMPLETE
2026-05-01 19:28:51,149 [INFO] ================================================================================
2026-05-01 19:28:51,150 [WARNING] ⚠️  Some phases incomplete
2026-05-01 19:29:51,574 [INFO] ================================================================================
2026-05-01 19:29:51,574 [INFO] 🚀 V7P3R AI 48-Hour Training Orchestrator
2026-05-01 19:29:51,575 [INFO] ================================================================================
2026-05-01 19:29:51,575 [INFO] Start time: 2026-05-01 19:29:51.574371
2026-05-01 19:29:51,576 [INFO] Target duration: 2 days, 0:00:00
2026-05-01 19:29:51,576 [INFO] Auto-recover: True
2026-05-01 19:29:51,577 [INFO] TensorBoard: True
2026-05-01 19:29:51,577 [INFO] ================================================================================
2026-05-01 19:29:51,578 [INFO] 📊 TensorBoard started on http://0.0.0.0:6006
2026-05-01 19:29:51,579 [INFO] Loaded state: Phase 0
2026-05-01 19:29:51,580 [INFO] 🚀 Starting phase1_endgame_puzzles: Endgame expansion + themed puzzles
2026-05-01 19:29:51,580 [WARNING] Data source not found: endgame_pgns
2026-05-01 19:29:51,581 [INFO] Required data not available, running extraction...
2026-05-01 19:29:51,581 [INFO] Running data extraction for phase1_endgame_puzzles...
2026-05-01 19:29:51,581 [WARNING] Extraction script not found: scripts/extract_endgame_positions.py
2026-05-01 19:29:51,582 [WARNING] Extraction script not found: scripts/extract_themed_puzzles.py
2026-05-01 19:29:51,583 [ERROR] ❌ phase1_endgame_puzzles failed after 3 attempts
2026-05-01 19:29:51,583 [ERROR] Phase phase1_endgame_puzzles failed, stopping orchestration
2026-05-01 19:29:51,584 [INFO] ================================================================================
2026-05-01 19:29:51,584 [INFO] 📋 Training Summary
2026-05-01 19:29:51,584 [INFO] ================================================================================
2026-05-01 19:29:51,584 [INFO] Completed phases: 0/4
2026-05-01 19:29:51,584 [INFO] Total time: 0:00:00.010436
2026-05-01 19:29:51,585 [INFO]   phase1_endgame_puzzles (v5.0): ❌ INCOMPLETE
2026-05-01 19:29:51,585 [INFO]   phase2_opening_theory (v5.1): ❌ INCOMPLETE
2026-05-01 19:29:51,585 [INFO]   phase3_master_games (v5.2): ❌ INCOMPLETE
2026-05-01 19:29:51,585 [INFO]   phase4_positional (v5.3): ❌ INCOMPLETE
2026-05-01 19:29:51,585 [INFO] ================================================================================
2026-05-01 19:29:51,585 [WARNING] ⚠️  Some phases incomplete
2026-05-01 19:30:52,012 [INFO] ================================================================================
2026-05-01 19:30:52,013 [INFO] 🚀 V7P3R AI 48-Hour Training Orchestrator
2026-05-01 19:30:52,014 [INFO] ================================================================================
2026-05-01 19:30:52,014 [INFO] Start time: 2026-05-01 19:30:52.012338
2026-05-01 19:30:52,014 [INFO] Target duration: 2 days, 0:00:00
2026-05-01 19:30:52,015 [INFO] Auto-recover: True
2026-05-01 19:30:52,015 [INFO] TensorBoard: True
2026-05-01 19:30:52,016 [INFO] ================================================================================
2026-05-01 19:30:52,017 [INFO] 📊 TensorBoard started on http://0.0.0.0:6006
2026-05-01 19:30:52,017 [INFO] Loaded state: Phase 0
2026-05-01 19:30:52,018 [INFO] 🚀 Starting phase1_endgame_puzzles: Endgame expansion + themed puzzles
2026-05-01 19:30:52,018 [WARNING] Data source not found: endgame_pgns
2026-05-01 19:30:52,018 [INFO] Required data not available, running extraction...
2026-05-01 19:30:52,019 [INFO] Running data extraction for phase1_endgame_puzzles...
2026-05-01 19:30:52,019 [WARNING] Extraction script not found: scripts/extract_endgame_positions.py
2026-05-01 19:30:52,019 [WARNING] Extraction script not found: scripts/extract_themed_puzzles.py
2026-05-01 19:30:52,021 [ERROR] ❌ phase1_endgame_puzzles failed after 3 attempts
2026-05-01 19:30:52,021 [ERROR] Phase phase1_endgame_puzzles failed, stopping orchestration
2026-05-01 19:30:52,021 [INFO] ================================================================================
2026-05-01 19:30:52,021 [INFO] 📋 Training Summary
2026-05-01 19:30:52,022 [INFO] ================================================================================
2026-05-01 19:30:52,022 [INFO] Completed phases: 0/4
2026-05-01 19:30:52,022 [INFO] Total time: 0:00:00.010184
2026-05-01 19:30:52,022 [INFO]   phase1_endgame_puzzles (v5.0): ❌ INCOMPLETE
2026-05-01 19:30:52,022 [INFO]   phase2_opening_theory (v5.1): ❌ INCOMPLETE
2026-05-01 19:30:52,023 [INFO]   phase3_master_games (v5.2): ❌ INCOMPLETE
2026-05-01 19:30:52,023 [INFO]   phase4_positional (v5.3): ❌ INCOMPLETE
2026-05-01 19:30:52,023 [INFO] ================================================================================
2026-05-01 19:30:52,023 [WARNING] ⚠️  Some phases incomplete
2026-05-01 19:31:52,483 [INFO] ================================================================================
2026-05-01 19:31:52,484 [INFO] 🚀 V7P3R AI 48-Hour Training Orchestrator
2026-05-01 19:31:52,484 [INFO] ================================================================================
2026-05-01 19:31:52,485 [INFO] Start time: 2026-05-01 19:31:52.483136
2026-05-01 19:31:52,485 [INFO] Target duration: 2 days, 0:00:00
2026-05-01 19:31:52,485 [INFO] Auto-recover: True
2026-05-01 19:31:52,486 [INFO] TensorBoard: True
2026-05-01 19:31:52,486 [INFO] ================================================================================
2026-05-01 19:31:52,487 [INFO] 📊 TensorBoard started on http://0.0.0.0:6006
2026-05-01 19:31:52,488 [INFO] Loaded state: Phase 0
2026-05-01 19:31:52,488 [INFO] 🚀 Starting phase1_endgame_puzzles: Endgame expansion + themed puzzles
2026-05-01 19:31:52,489 [WARNING] Data source not found: endgame_pgns
2026-05-01 19:31:52,489 [INFO] Required data not available, running extraction...
2026-05-01 19:31:52,489 [INFO] Running data extraction for phase1_endgame_puzzles...
2026-05-01 19:31:52,490 [WARNING] Extraction script not found: scripts/extract_endgame_positions.py
2026-05-01 19:31:52,490 [WARNING] Extraction script not found: scripts/extract_themed_puzzles.py
2026-05-01 19:31:52,491 [ERROR] ❌ phase1_endgame_puzzles failed after 3 attempts
2026-05-01 19:31:52,492 [ERROR] Phase phase1_endgame_puzzles failed, stopping orchestration
2026-05-01 19:31:52,492 [INFO] ================================================================================
2026-05-01 19:31:52,492 [INFO] 📋 Training Summary
2026-05-01 19:31:52,492 [INFO] ================================================================================
2026-05-01 19:31:52,492 [INFO] Completed phases: 0/4
2026-05-01 19:31:52,493 [INFO] Total time: 0:00:00.009880
2026-05-01 19:31:52,493 [INFO]   phase1_endgame_puzzles (v5.0): ❌ INCOMPLETE
2026-05-01 19:31:52,493 [INFO]   phase2_opening_theory (v5.1): ❌ INCOMPLETE
2026-05-01 19:31:52,493 [INFO]   phase3_master_games (v5.2): ❌ INCOMPLETE
2026-05-01 19:31:52,493 [INFO]   phase4_positional (v5.3): ❌ INCOMPLETE
2026-05-01 19:31:52,493 [INFO] ================================================================================
2026-05-01 19:31:52,494 [WARNING] ⚠️  Some phases incomplete
2026-05-01 19:32:52,970 [INFO] ================================================================================
2026-05-01 19:32:52,971 [INFO] 🚀 V7P3R AI 48-Hour Training Orchestrator
2026-05-01 19:32:52,971 [INFO] ================================================================================
2026-05-01 19:32:52,972 [INFO] Start time: 2026-05-01 19:32:52.970197
2026-05-01 19:32:52,972 [INFO] Target duration: 2 days, 0:00:00
2026-05-01 19:32:52,972 [INFO] Auto-recover: True
2026-05-01 19:32:52,973 [INFO] TensorBoard: True
2026-05-01 19:32:52,973 [INFO] ================================================================================
2026-05-01 19:32:52,974 [INFO] 📊 TensorBoard started on http://0.0.0.0:6006
2026-05-01 19:32:52,974 [INFO] Loaded state: Phase 0
2026-05-01 19:32:52,975 [INFO] 🚀 Starting phase1_endgame_puzzles: Endgame expansion + themed puzzles
2026-05-01 19:32:53,001 [WARNING] Data source not found: endgame_pgns
2026-05-01 19:32:53,001 [INFO] Required data not available, running extraction...
2026-05-01 19:32:53,002 [INFO] Running data extraction for phase1_endgame_puzzles...
2026-05-01 19:32:53,002 [WARNING] Extraction script not found: scripts/extract_endgame_positions.py
2026-05-01 19:32:53,003 [WARNING] Extraction script not found: scripts/extract_themed_puzzles.py
2026-05-01 19:32:53,005 [ERROR] ❌ phase1_endgame_puzzles failed after 3 attempts
2026-05-01 19:32:53,005 [ERROR] Phase phase1_endgame_puzzles failed, stopping orchestration
2026-05-01 19:32:53,006 [INFO] ================================================================================
2026-05-01 19:32:53,006 [INFO] 📋 Training Summary
2026-05-01 19:32:53,006 [INFO] ================================================================================
2026-05-01 19:32:53,006 [INFO] Completed phases: 0/4
2026-05-01 19:32:53,007 [INFO] Total time: 0:00:00.036959
2026-05-01 19:32:53,007 [INFO]   phase1_endgame_puzzles (v5.0): ❌ INCOMPLETE
2026-05-01 19:32:53,007 [INFO]   phase2_opening_theory (v5.1): ❌ INCOMPLETE
2026-05-01 19:32:53,007 [INFO]   phase3_master_games (v5.2): ❌ INCOMPLETE
2026-05-01 19:32:53,008 [INFO]   phase4_positional (v5.3): ❌ INCOMPLETE
2026-05-01 19:32:53,008 [INFO] ================================================================================
2026-05-01 19:32:53,008 [WARNING] ⚠️  Some phases incomplete
2026-05-01 19:33:53,414 [INFO] ================================================================================
2026-05-01 19:33:53,414 [INFO] 🚀 V7P3R AI 48-Hour Training Orchestrator
2026-05-01 19:33:53,415 [INFO] ================================================================================
2026-05-01 19:33:53,415 [INFO] Start time: 2026-05-01 19:33:53.414400
2026-05-01 19:33:53,416 [INFO] Target duration: 2 days, 0:00:00
2026-05-01 19:33:53,416 [INFO] Auto-recover: True
2026-05-01 19:33:53,416 [INFO] TensorBoard: True
2026-05-01 19:33:53,417 [INFO] ================================================================================
2026-05-01 19:33:53,418 [INFO] 📊 TensorBoard started on http://0.0.0.0:6006
2026-05-01 19:33:53,419 [INFO] Loaded state: Phase 0
2026-05-01 19:33:53,419 [INFO] 🚀 Starting phase1_endgame_puzzles: Endgame expansion + themed puzzles
2026-05-01 19:33:53,420 [WARNING] Data source not found: endgame_pgns
2026-05-01 19:33:53,420 [INFO] Required data not available, running extraction...
2026-05-01 19:33:53,421 [INFO] Running data extraction for phase1_endgame_puzzles...
2026-05-01 19:33:53,421 [WARNING] Extraction script not found: scripts/extract_endgame_positions.py
2026-05-01 19:33:53,422 [WARNING] Extraction script not found: scripts/extract_themed_puzzles.py
2026-05-01 19:33:53,423 [ERROR] ❌ phase1_endgame_puzzles failed after 3 attempts
2026-05-01 19:33:53,423 [ERROR] Phase phase1_endgame_puzzles failed, stopping orchestration
2026-05-01 19:33:53,424 [INFO] ================================================================================
2026-05-01 19:33:53,424 [INFO] 📋 Training Summary
2026-05-01 19:33:53,424 [INFO] ================================================================================
2026-05-01 19:33:53,424 [INFO] Completed phases: 0/4
2026-05-01 19:33:53,425 [INFO] Total time: 0:00:00.010611
2026-05-01 19:33:53,425 [INFO]   phase1_endgame_puzzles (v5.0): ❌ INCOMPLETE
2026-05-01 19:33:53,425 [INFO]   phase2_opening_theory (v5.1): ❌ INCOMPLETE
2026-05-01 19:33:53,425 [INFO]   phase3_master_games (v5.2): ❌ INCOMPLETE
2026-05-01 19:33:53,425 [INFO]   phase4_positional (v5.3): ❌ INCOMPLETE
2026-05-01 19:33:53,426 [INFO] ================================================================================
2026-05-01 19:33:53,426 [WARNING] ⚠️  Some phases incomplete
2026-05-01 19:34:53,814 [INFO] ================================================================================
2026-05-01 19:34:53,814 [INFO] 🚀 V7P3R AI 48-Hour Training Orchestrator
2026-05-01 19:34:53,814 [INFO] ================================================================================
2026-05-01 19:34:53,815 [INFO] Start time: 2026-05-01 19:34:53.813990
2026-05-01 19:34:53,815 [INFO] Target duration: 2 days, 0:00:00
2026-05-01 19:34:53,816 [INFO] Auto-recover: True
2026-05-01 19:34:53,816 [INFO] TensorBoard: True
2026-05-01 19:34:53,816 [INFO] ================================================================================
2026-05-01 19:34:53,818 [INFO] 📊 TensorBoard started on http://0.0.0.0:6006
2026-05-01 19:34:53,819 [INFO] Loaded state: Phase 0
2026-05-01 19:34:53,819 [INFO] 🚀 Starting phase1_endgame_puzzles: Endgame expansion + themed puzzles
2026-05-01 19:34:53,820 [WARNING] Data source not found: endgame_pgns
2026-05-01 19:34:53,820 [INFO] Required data not available, running extraction...
2026-05-01 19:34:53,821 [INFO] Running data extraction for phase1_endgame_puzzles...
2026-05-01 19:34:53,821 [WARNING] Extraction script not found: scripts/extract_endgame_positions.py
2026-05-01 19:34:53,821 [WARNING] Extraction script not found: scripts/extract_themed_puzzles.py
2026-05-01 19:34:53,823 [ERROR] ❌ phase1_endgame_puzzles failed after 3 attempts
2026-05-01 19:34:53,824 [ERROR] Phase phase1_endgame_puzzles failed, stopping orchestration
2026-05-01 19:34:53,824 [INFO] ================================================================================
2026-05-01 19:34:53,824 [INFO] 📋 Training Summary
2026-05-01 19:34:53,824 [INFO] ================================================================================
2026-05-01 19:34:53,825 [INFO] Completed phases: 0/4
2026-05-01 19:34:53,825 [INFO] Total time: 0:00:00.011592
2026-05-01 19:34:53,825 [INFO]   phase1_endgame_puzzles (v5.0): ❌ INCOMPLETE
2026-05-01 19:34:53,826 [INFO]   phase2_opening_theory (v5.1): ❌ INCOMPLETE
2026-05-01 19:34:53,826 [INFO]   phase3_master_games (v5.2): ❌ INCOMPLETE
2026-05-01 19:34:53,826 [INFO]   phase4_positional (v5.3): ❌ INCOMPLETE
2026-05-01 19:34:53,826 [INFO] ================================================================================
2026-05-01 19:34:53,826 [WARNING] ⚠️  Some phases incomplete
2026-05-01 19:35:54,225 [INFO] ================================================================================
2026-05-01 19:35:54,226 [INFO] 🚀 V7P3R AI 48-Hour Training Orchestrator
2026-05-01 19:35:54,226 [INFO] ================================================================================
2026-05-01 19:35:54,227 [INFO] Start time: 2026-05-01 19:35:54.225542
2026-05-01 19:35:54,227 [INFO] Target duration: 2 days, 0:00:00
2026-05-01 19:35:54,228 [INFO] Auto-recover: True
2026-05-01 19:35:54,228 [INFO] TensorBoard: True
2026-05-01 19:35:54,228 [INFO] ================================================================================
2026-05-01 19:35:54,229 [INFO] 📊 TensorBoard started on http://0.0.0.0:6006
2026-05-01 19:35:54,230 [INFO] Loaded state: Phase 0
2026-05-01 19:35:54,230 [INFO] 🚀 Starting phase1_endgame_puzzles: Endgame expansion + themed puzzles
2026-05-01 19:35:54,231 [WARNING] Data source not found: endgame_pgns
2026-05-01 19:35:54,231 [INFO] Required data not available, running extraction...
2026-05-01 19:35:54,231 [INFO] Running data extraction for phase1_endgame_puzzles...
2026-05-01 19:35:54,231 [WARNING] Extraction script not found: scripts/extract_endgame_positions.py
2026-05-01 19:35:54,232 [WARNING] Extraction script not found: scripts/extract_themed_puzzles.py
2026-05-01 19:35:54,232 [ERROR] ❌ phase1_endgame_puzzles failed after 3 attempts
2026-05-01 19:35:54,233 [ERROR] Phase phase1_endgame_puzzles failed, stopping orchestration
2026-05-01 19:35:54,233 [INFO] ================================================================================
2026-05-01 19:35:54,233 [INFO] 📋 Training Summary
2026-05-01 19:35:54,233 [INFO] ================================================================================
2026-05-01 19:35:54,233 [INFO] Completed phases: 0/4
2026-05-01 19:35:54,234 [INFO] Total time: 0:00:00.008473
2026-05-01 19:35:54,234 [INFO]   phase1_endgame_puzzles (v5.0): ❌ INCOMPLETE
2026-05-01 19:35:54,255 [INFO]   phase2_opening_theory (v5.1): ❌ INCOMPLETE
2026-05-01 19:35:54,256 [INFO]   phase3_master_games (v5.2): ❌ INCOMPLETE
2026-05-01 19:35:54,256 [INFO]   phase4_positional (v5.3): ❌ INCOMPLETE
2026-05-01 19:35:54,257 [INFO] ================================================================================
2026-05-01 19:35:54,257 [WARNING] ⚠️  Some phases incomplete
2026-05-01 19:36:54,642 [INFO] ================================================================================
2026-05-01 19:36:54,643 [INFO] 🚀 V7P3R AI 48-Hour Training Orchestrator
2026-05-01 19:36:54,643 [INFO] ================================================================================
2026-05-01 19:36:54,644 [INFO] Start time: 2026-05-01 19:36:54.642558
2026-05-01 19:36:54,644 [INFO] Target duration: 2 days, 0:00:00
2026-05-01 19:36:54,645 [INFO] Auto-recover: True
2026-05-01 19:36:54,645 [INFO] TensorBoard: True
2026-05-01 19:36:54,645 [INFO] ================================================================================
2026-05-01 19:36:54,646 [INFO] 📊 TensorBoard started on http://0.0.0.0:6006
2026-05-01 19:36:54,646 [INFO] Loaded state: Phase 0
2026-05-01 19:36:54,647 [INFO] 🚀 Starting phase1_endgame_puzzles: Endgame expansion + themed puzzles
2026-05-01 19:36:54,647 [WARNING] Data source not found: endgame_pgns
2026-05-01 19:36:54,648 [INFO] Required data not available, running extraction...
2026-05-01 19:36:54,648 [INFO] Running data extraction for phase1_endgame_puzzles...
2026-05-01 19:36:54,648 [WARNING] Extraction script not found: scripts/extract_endgame_positions.py
2026-05-01 19:36:54,648 [WARNING] Extraction script not found: scripts/extract_themed_puzzles.py
2026-05-01 19:36:54,649 [ERROR] ❌ phase1_endgame_puzzles failed after 3 attempts
2026-05-01 19:36:54,650 [ERROR] Phase phase1_endgame_puzzles failed, stopping orchestration
2026-05-01 19:36:54,650 [INFO] ================================================================================
2026-05-01 19:36:54,650 [INFO] 📋 Training Summary
2026-05-01 19:36:54,650 [INFO] ================================================================================
2026-05-01 19:36:54,650 [INFO] Completed phases: 0/4
2026-05-01 19:36:54,650 [INFO] Total time: 0:00:00.008401
2026-05-01 19:36:54,651 [INFO]   phase1_endgame_puzzles (v5.0): ❌ INCOMPLETE
2026-05-01 19:36:54,651 [INFO]   phase2_opening_theory (v5.1): ❌ INCOMPLETE
2026-05-01 19:36:54,651 [INFO]   phase3_master_games (v5.2): ❌ INCOMPLETE
2026-05-01 19:36:54,651 [INFO]   phase4_positional (v5.3): ❌ INCOMPLETE
2026-05-01 19:36:54,651 [INFO] ================================================================================
2026-05-01 19:36:54,651 [WARNING] ⚠️  Some phases incomplete
2026-05-01 19:37:53,838 [INFO] ================================================================================
2026-05-01 19:37:53,838 [INFO] 🚀 V7P3R AI 48-Hour Training Orchestrator
2026-05-01 19:37:53,838 [INFO] ================================================================================
2026-05-01 19:37:53,839 [INFO] Start time: 2026-05-01 19:37:53.838034
2026-05-01 19:37:53,839 [INFO] Target duration: 2 days, 0:00:00
2026-05-01 19:37:53,840 [INFO] Auto-recover: True
2026-05-01 19:37:53,840 [INFO] TensorBoard: True
2026-05-01 19:37:53,841 [INFO] ================================================================================
2026-05-01 19:37:53,841 [INFO] 📊 TensorBoard started on http://0.0.0.0:6006
2026-05-01 19:37:53,842 [INFO] Loaded state: Phase 0
2026-05-01 19:37:53,842 [INFO] 🚀 Starting phase1_endgame_puzzles: Endgame expansion + themed puzzles
2026-05-01 19:37:53,843 [WARNING] Data source not found: endgame_pgns
2026-05-01 19:37:53,843 [INFO] Required data not available, running extraction...
2026-05-01 19:37:53,843 [INFO] Running data extraction for phase1_endgame_puzzles...
2026-05-01 19:37:53,843 [WARNING] Extraction script not found: scripts/extract_endgame_positions.py
2026-05-01 19:37:53,844 [WARNING] Extraction script not found: scripts/extract_themed_puzzles.py
2026-05-01 19:37:53,845 [ERROR] ❌ phase1_endgame_puzzles failed after 3 attempts
2026-05-01 19:37:53,846 [ERROR] Phase phase1_endgame_puzzles failed, stopping orchestration
2026-05-01 19:37:53,846 [INFO] ================================================================================
2026-05-01 19:37:53,847 [INFO] 📋 Training Summary
2026-05-01 19:37:53,847 [INFO] ================================================================================
2026-05-01 19:37:53,847 [INFO] Completed phases: 0/4
2026-05-01 19:37:53,847 [INFO] Total time: 0:00:00.009678
2026-05-01 19:37:53,847 [INFO]   phase1_endgame_puzzles (v5.0): ❌ INCOMPLETE
2026-05-01 19:37:53,848 [INFO]   phase2_opening_theory (v5.1): ❌ INCOMPLETE
2026-05-01 19:37:53,848 [INFO]   phase3_master_games (v5.2): ❌ INCOMPLETE
2026-05-01 19:37:53,848 [INFO]   phase4_positional (v5.3): ❌ INCOMPLETE
2026-05-01 19:37:53,848 [INFO] ================================================================================
2026-05-01 19:37:53,849 [WARNING] ⚠️  Some phases incomplete
2026-05-01 19:38:54,243 [INFO] ================================================================================
2026-05-01 19:38:54,244 [INFO] 🚀 V7P3R AI 48-Hour Training Orchestrator
2026-05-01 19:38:54,244 [INFO] ================================================================================
2026-05-01 19:38:54,244 [INFO] Start time: 2026-05-01 19:38:54.243647
2026-05-01 19:38:54,245 [INFO] Target duration: 2 days, 0:00:00
2026-05-01 19:38:54,245 [INFO] Auto-recover: True
2026-05-01 19:38:54,245 [INFO] TensorBoard: True
2026-05-01 19:38:54,246 [INFO] ================================================================================
2026-05-01 19:38:54,247 [INFO] 📊 TensorBoard started on http://0.0.0.0:6006
2026-05-01 19:38:54,248 [INFO] Loaded state: Phase 0
2026-05-01 19:38:54,248 [INFO] 🚀 Starting phase1_endgame_puzzles: Endgame expansion + themed puzzles
2026-05-01 19:38:54,249 [WARNING] Data source not found: endgame_pgns
2026-05-01 19:38:54,249 [INFO] Required data not available, running extraction...
2026-05-01 19:38:54,249 [INFO] Running data extraction for phase1_endgame_puzzles...
2026-05-01 19:38:54,250 [WARNING] Extraction script not found: scripts/extract_endgame_positions.py
2026-05-01 19:38:54,250 [WARNING] Extraction script not found: scripts/extract_themed_puzzles.py
2026-05-01 19:38:54,251 [ERROR] ❌ phase1_endgame_puzzles failed after 3 attempts
2026-05-01 19:38:54,251 [ERROR] Phase phase1_endgame_puzzles failed, stopping orchestration
2026-05-01 19:38:54,251 [INFO] ================================================================================
2026-05-01 19:38:54,252 [INFO] 📋 Training Summary
2026-05-01 19:38:54,252 [INFO] ================================================================================
2026-05-01 19:38:54,252 [INFO] Completed phases: 0/4
2026-05-01 19:38:54,252 [INFO] Total time: 0:00:00.009059
2026-05-01 19:38:54,252 [INFO]   phase1_endgame_puzzles (v5.0): ❌ INCOMPLETE
2026-05-01 19:38:54,253 [INFO]   phase2_opening_theory (v5.1): ❌ INCOMPLETE
2026-05-01 19:38:54,253 [INFO]   phase3_master_games (v5.2): ❌ INCOMPLETE
2026-05-01 19:38:54,253 [INFO]   phase4_positional (v5.3): ❌ INCOMPLETE
2026-05-01 19:38:54,253 [INFO] ================================================================================
2026-05-01 19:38:54,253 [WARNING] ⚠️  Some phases incomplete
2026-05-01 19:39:54,657 [INFO] ================================================================================
2026-05-01 19:39:54,657 [INFO] 🚀 V7P3R AI 48-Hour Training Orchestrator
2026-05-01 19:39:54,658 [INFO] ================================================================================
2026-05-01 19:39:54,658 [INFO] Start time: 2026-05-01 19:39:54.657074
2026-05-01 19:39:54,659 [INFO] Target duration: 2 days, 0:00:00
2026-05-01 19:39:54,659 [INFO] Auto-recover: True
2026-05-01 19:39:54,660 [INFO] TensorBoard: True
2026-05-01 19:39:54,660 [INFO] ================================================================================
2026-05-01 19:39:54,661 [INFO] 📊 TensorBoard started on http://0.0.0.0:6006
2026-05-01 19:39:54,662 [INFO] Loaded state: Phase 0
2026-05-01 19:39:54,663 [INFO] 🚀 Starting phase1_endgame_puzzles: Endgame expansion + themed puzzles
2026-05-01 19:39:54,664 [WARNING] Data source not found: endgame_pgns
2026-05-01 19:39:54,664 [INFO] Required data not available, running extraction...
2026-05-01 19:39:54,664 [INFO] Running data extraction for phase1_endgame_puzzles...
2026-05-01 19:39:54,664 [WARNING] Extraction script not found: scripts/extract_endgame_positions.py
2026-05-01 19:39:54,665 [WARNING] Extraction script not found: scripts/extract_themed_puzzles.py
2026-05-01 19:39:54,667 [ERROR] ❌ phase1_endgame_puzzles failed after 3 attempts
2026-05-01 19:39:54,667 [ERROR] Phase phase1_endgame_puzzles failed, stopping orchestration
2026-05-01 19:39:54,667 [INFO] ================================================================================
2026-05-01 19:39:54,668 [INFO] 📋 Training Summary
2026-05-01 19:39:54,668 [INFO] ================================================================================
2026-05-01 19:39:54,668 [INFO] Completed phases: 0/4
2026-05-01 19:39:54,668 [INFO] Total time: 0:00:00.011846
2026-05-01 19:39:54,669 [INFO]   phase1_endgame_puzzles (v5.0): ❌ INCOMPLETE
2026-05-01 19:39:54,669 [INFO]   phase2_opening_theory (v5.1): ❌ INCOMPLETE
2026-05-01 19:39:54,669 [INFO]   phase3_master_games (v5.2): ❌ INCOMPLETE
2026-05-01 19:39:54,669 [INFO]   phase4_positional (v5.3): ❌ INCOMPLETE
2026-05-01 19:39:54,669 [INFO] ================================================================================
2026-05-01 19:39:54,670 [WARNING] ⚠️  Some phases incomplete
2026-05-01 19:40:55,036 [INFO] ================================================================================
2026-05-01 19:40:55,037 [INFO] 🚀 V7P3R AI 48-Hour Training Orchestrator
2026-05-01 19:40:55,037 [INFO] ================================================================================
2026-05-01 19:40:55,037 [INFO] Start time: 2026-05-01 19:40:55.036391
2026-05-01 19:40:55,038 [INFO] Target duration: 2 days, 0:00:00
2026-05-01 19:40:55,038 [INFO] Auto-recover: True
2026-05-01 19:40:55,039 [INFO] TensorBoard: True
2026-05-01 19:40:55,039 [INFO] ================================================================================
2026-05-01 19:40:55,040 [INFO] 📊 TensorBoard started on http://0.0.0.0:6006
2026-05-01 19:40:55,040 [INFO] Loaded state: Phase 0
2026-05-01 19:40:55,041 [INFO] 🚀 Starting phase1_endgame_puzzles: Endgame expansion + themed puzzles
2026-05-01 19:40:55,042 [WARNING] Data source not found: endgame_pgns
2026-05-01 19:40:55,042 [INFO] Required data not available, running extraction...
2026-05-01 19:40:55,042 [INFO] Running data extraction for phase1_endgame_puzzles...
2026-05-01 19:40:55,043 [WARNING] Extraction script not found: scripts/extract_endgame_positions.py
2026-05-01 19:40:55,043 [WARNING] Extraction script not found: scripts/extract_themed_puzzles.py
2026-05-01 19:40:55,045 [ERROR] ❌ phase1_endgame_puzzles failed after 3 attempts
2026-05-01 19:40:55,045 [ERROR] Phase phase1_endgame_puzzles failed, stopping orchestration
2026-05-01 19:40:55,045 [INFO] ================================================================================
2026-05-01 19:40:55,045 [INFO] 📋 Training Summary
2026-05-01 19:40:55,046 [INFO] ================================================================================
2026-05-01 19:40:55,046 [INFO] Completed phases: 0/4
2026-05-01 19:40:55,046 [INFO] Total time: 0:00:00.010268
2026-05-01 19:40:55,046 [INFO]   phase1_endgame_puzzles (v5.0): ❌ INCOMPLETE
2026-05-01 19:40:55,047 [INFO]   phase2_opening_theory (v5.1): ❌ INCOMPLETE
2026-05-01 19:40:55,047 [INFO]   phase3_master_games (v5.2): ❌ INCOMPLETE
2026-05-01 19:40:55,047 [INFO]   phase4_positional (v5.3): ❌ INCOMPLETE
2026-05-01 19:40:55,047 [INFO] ================================================================================
2026-05-01 19:40:55,047 [WARNING] ⚠️  Some phases incomplete
2026-05-01 19:41:55,479 [INFO] ================================================================================
2026-05-01 19:41:55,480 [INFO] 🚀 V7P3R AI 48-Hour Training Orchestrator
2026-05-01 19:41:55,480 [INFO] ================================================================================
2026-05-01 19:41:55,481 [INFO] Start time: 2026-05-01 19:41:55.479757
2026-05-01 19:41:55,481 [INFO] Target duration: 2 days, 0:00:00
2026-05-01 19:41:55,481 [INFO] Auto-recover: True
2026-05-01 19:41:55,482 [INFO] TensorBoard: True
2026-05-01 19:41:55,482 [INFO] ================================================================================
2026-05-01 19:41:55,483 [INFO] 📊 TensorBoard started on http://0.0.0.0:6006
2026-05-01 19:41:55,483 [INFO] Loaded state: Phase 0
2026-05-01 19:41:55,483 [INFO] 🚀 Starting phase1_endgame_puzzles: Endgame expansion + themed puzzles
2026-05-01 19:41:55,484 [WARNING] Data source not found: endgame_pgns
2026-05-01 19:41:55,484 [INFO] Required data not available, running extraction...
2026-05-01 19:41:55,484 [INFO] Running data extraction for phase1_endgame_puzzles...
2026-05-01 19:41:55,485 [WARNING] Extraction script not found: scripts/extract_endgame_positions.py
2026-05-01 19:41:55,485 [WARNING] Extraction script not found: scripts/extract_themed_puzzles.py
2026-05-01 19:41:55,487 [ERROR] ❌ phase1_endgame_puzzles failed after 3 attempts
2026-05-01 19:41:55,487 [ERROR] Phase phase1_endgame_puzzles failed, stopping orchestration
2026-05-01 19:41:55,488 [INFO] ================================================================================
2026-05-01 19:41:55,488 [INFO] 📋 Training Summary
2026-05-01 19:41:55,488 [INFO] ================================================================================
2026-05-01 19:41:55,489 [INFO] Completed phases: 0/4
2026-05-01 19:41:55,489 [INFO] Total time: 0:00:00.009533
2026-05-01 19:41:55,489 [INFO]   phase1_endgame_puzzles (v5.0): ❌ INCOMPLETE
2026-05-01 19:41:55,489 [INFO]   phase2_opening_theory (v5.1): ❌ INCOMPLETE
2026-05-01 19:41:55,489 [INFO]   phase3_master_games (v5.2): ❌ INCOMPLETE
2026-05-01 19:41:55,490 [INFO]   phase4_positional (v5.3): ❌ INCOMPLETE
2026-05-01 19:41:55,490 [INFO] ================================================================================
2026-05-01 19:41:55,490 [WARNING] ⚠️  Some phases incomplete
2026-05-01 19:42:55,950 [INFO] ================================================================================
2026-05-01 19:42:55,951 [INFO] 🚀 V7P3R AI 48-Hour Training Orchestrator
2026-05-01 19:42:55,952 [INFO] ================================================================================
2026-05-01 19:42:55,952 [INFO] Start time: 2026-05-01 19:42:55.950636
2026-05-01 19:42:55,952 [INFO] Target duration: 2 days, 0:00:00
2026-05-01 19:42:55,953 [INFO] Auto-recover: True
2026-05-01 19:42:55,953 [INFO] TensorBoard: True
2026-05-01 19:42:55,954 [INFO] ================================================================================
2026-05-01 19:42:55,955 [INFO] 📊 TensorBoard started on http://0.0.0.0:6006
2026-05-01 19:42:55,956 [INFO] Loaded state: Phase 0
2026-05-01 19:42:55,956 [INFO] 🚀 Starting phase1_endgame_puzzles: Endgame expansion + themed puzzles
2026-05-01 19:42:55,957 [WARNING] Data source not found: endgame_pgns
2026-05-01 19:42:55,958 [INFO] Required data not available, running extraction...
2026-05-01 19:42:55,958 [INFO] Running data extraction for phase1_endgame_puzzles...
2026-05-01 19:42:55,958 [WARNING] Extraction script not found: scripts/extract_endgame_positions.py
2026-05-01 19:42:55,958 [WARNING] Extraction script not found: scripts/extract_themed_puzzles.py
2026-05-01 19:42:55,960 [ERROR] ❌ phase1_endgame_puzzles failed after 3 attempts
2026-05-01 19:42:55,961 [ERROR] Phase phase1_endgame_puzzles failed, stopping orchestration
2026-05-01 19:42:55,961 [INFO] ================================================================================
2026-05-01 19:42:55,961 [INFO] 📋 Training Summary
2026-05-01 19:42:55,962 [INFO] ================================================================================
2026-05-01 19:42:55,962 [INFO] Completed phases: 0/4
2026-05-01 19:42:55,963 [INFO] Total time: 0:00:00.012519
2026-05-01 19:42:55,963 [INFO]   phase1_endgame_puzzles (v5.0): ❌ INCOMPLETE
2026-05-01 19:42:55,963 [INFO]   phase2_opening_theory (v5.1): ❌ INCOMPLETE
2026-05-01 19:42:55,963 [INFO]   phase3_master_games (v5.2): ❌ INCOMPLETE
2026-05-01 19:42:55,963 [INFO]   phase4_positional (v5.3): ❌ INCOMPLETE
2026-05-01 19:42:55,964 [INFO] ================================================================================
2026-05-01 19:42:55,964 [WARNING] ⚠️  Some phases incomplete
2026-05-01 19:43:56,431 [INFO] ================================================================================
2026-05-01 19:43:56,432 [INFO] 🚀 V7P3R AI 48-Hour Training Orchestrator
2026-05-01 19:43:56,433 [INFO] ================================================================================
2026-05-01 19:43:56,433 [INFO] Start time: 2026-05-01 19:43:56.431561
2026-05-01 19:43:56,434 [INFO] Target duration: 2 days, 0:00:00
2026-05-01 19:43:56,434 [INFO] Auto-recover: True
2026-05-01 19:43:56,434 [INFO] TensorBoard: True
2026-05-01 19:43:56,435 [INFO] ================================================================================
2026-05-01 19:43:56,436 [INFO] 📊 TensorBoard started on http://0.0.0.0:6006
2026-05-01 19:43:56,436 [INFO] Loaded state: Phase 0
2026-05-01 19:43:56,436 [INFO] 🚀 Starting phase1_endgame_puzzles: Endgame expansion + themed puzzles
2026-05-01 19:43:56,437 [WARNING] Data source not found: endgame_pgns
2026-05-01 19:43:56,437 [INFO] Required data not available, running extraction...
2026-05-01 19:43:56,437 [INFO] Running data extraction for phase1_endgame_puzzles...
2026-05-01 19:43:56,438 [WARNING] Extraction script not found: scripts/extract_endgame_positions.py
2026-05-01 19:43:56,438 [WARNING] Extraction script not found: scripts/extract_themed_puzzles.py
2026-05-01 19:43:56,440 [ERROR] ❌ phase1_endgame_puzzles failed after 3 attempts
2026-05-01 19:43:56,441 [ERROR] Phase phase1_endgame_puzzles failed, stopping orchestration
2026-05-01 19:43:56,441 [INFO] ================================================================================
2026-05-01 19:43:56,441 [INFO] 📋 Training Summary
2026-05-01 19:43:56,442 [INFO] ================================================================================
2026-05-01 19:43:56,442 [INFO] Completed phases: 0/4
2026-05-01 19:43:56,442 [INFO] Total time: 0:00:00.011091
2026-05-01 19:43:56,442 [INFO]   phase1_endgame_puzzles (v5.0): ❌ INCOMPLETE
2026-05-01 19:43:56,443 [INFO]   phase2_opening_theory (v5.1): ❌ INCOMPLETE
2026-05-01 19:43:56,443 [INFO]   phase3_master_games (v5.2): ❌ INCOMPLETE
2026-05-01 19:43:56,443 [INFO]   phase4_positional (v5.3): ❌ INCOMPLETE
2026-05-01 19:43:56,444 [INFO] ================================================================================
2026-05-01 19:43:56,444 [WARNING] ⚠️  Some phases incomplete
2026-05-01 19:44:56,846 [INFO] ================================================================================
2026-05-01 19:44:56,847 [INFO] 🚀 V7P3R AI 48-Hour Training Orchestrator
2026-05-01 19:44:56,847 [INFO] ================================================================================
2026-05-01 19:44:56,848 [INFO] Start time: 2026-05-01 19:44:56.846533
2026-05-01 19:44:56,848 [INFO] Target duration: 2 days, 0:00:00
2026-05-01 19:44:56,849 [INFO] Auto-recover: True
2026-05-01 19:44:56,849 [INFO] TensorBoard: True
2026-05-01 19:44:56,849 [INFO] ================================================================================
2026-05-01 19:44:56,850 [INFO] 📊 TensorBoard started on http://0.0.0.0:6006
2026-05-01 19:44:56,851 [INFO] Loaded state: Phase 0
2026-05-01 19:44:56,851 [INFO] 🚀 Starting phase1_endgame_puzzles: Endgame expansion + themed puzzles
2026-05-01 19:44:56,852 [WARNING] Data source not found: endgame_pgns
2026-05-01 19:44:56,852 [INFO] Required data not available, running extraction...
2026-05-01 19:44:56,852 [INFO] Running data extraction for phase1_endgame_puzzles...
2026-05-01 19:44:56,853 [WARNING] Extraction script not found: scripts/extract_endgame_positions.py
2026-05-01 19:44:56,853 [WARNING] Extraction script not found: scripts/extract_themed_puzzles.py
2026-05-01 19:44:56,854 [ERROR] ❌ phase1_endgame_puzzles failed after 3 attempts
2026-05-01 19:44:56,854 [ERROR] Phase phase1_endgame_puzzles failed, stopping orchestration
2026-05-01 19:44:56,854 [INFO] ================================================================================
2026-05-01 19:44:56,855 [INFO] 📋 Training Summary
2026-05-01 19:44:56,855 [INFO] ================================================================================
2026-05-01 19:44:56,855 [INFO] Completed phases: 0/4
2026-05-01 19:44:56,855 [INFO] Total time: 0:00:00.009100
2026-05-01 19:44:56,855 [INFO]   phase1_endgame_puzzles (v5.0): ❌ INCOMPLETE
2026-05-01 19:44:56,856 [INFO]   phase2_opening_theory (v5.1): ❌ INCOMPLETE
2026-05-01 19:44:56,856 [INFO]   phase3_master_games (v5.2): ❌ INCOMPLETE
2026-05-01 19:44:56,856 [INFO]   phase4_positional (v5.3): ❌ INCOMPLETE
2026-05-01 19:44:56,856 [INFO] ================================================================================
2026-05-01 19:44:56,856 [WARNING] ⚠️  Some phases incomplete
2026-05-01 19:45:57,315 [INFO] ================================================================================
2026-05-01 19:45:57,316 [INFO] 🚀 V7P3R AI 48-Hour Training Orchestrator
2026-05-01 19:45:57,316 [INFO] ================================================================================
2026-05-01 19:45:57,317 [INFO] Start time: 2026-05-01 19:45:57.315623
2026-05-01 19:45:57,317 [INFO] Target duration: 2 days, 0:00:00
2026-05-01 19:45:57,318 [INFO] Auto-recover: True
2026-05-01 19:45:57,318 [INFO] TensorBoard: True
2026-05-01 19:45:57,318 [INFO] ================================================================================
2026-05-01 19:45:57,319 [INFO] 📊 TensorBoard started on http://0.0.0.0:6006
2026-05-01 19:45:57,319 [INFO] Loaded state: Phase 0
2026-05-01 19:45:57,320 [INFO] 🚀 Starting phase1_endgame_puzzles: Endgame expansion + themed puzzles
2026-05-01 19:45:57,320 [WARNING] Data source not found: endgame_pgns
2026-05-01 19:45:57,321 [INFO] Required data not available, running extraction...
2026-05-01 19:45:57,321 [INFO] Running data extraction for phase1_endgame_puzzles...
2026-05-01 19:45:57,321 [WARNING] Extraction script not found: scripts/extract_endgame_positions.py
2026-05-01 19:45:57,321 [WARNING] Extraction script not found: scripts/extract_themed_puzzles.py
2026-05-01 19:45:57,323 [ERROR] ❌ phase1_endgame_puzzles failed after 3 attempts
2026-05-01 19:45:57,323 [ERROR] Phase phase1_endgame_puzzles failed, stopping orchestration
2026-05-01 19:45:57,323 [INFO] ================================================================================
2026-05-01 19:45:57,323 [INFO] 📋 Training Summary
2026-05-01 19:45:57,323 [INFO] ================================================================================
2026-05-01 19:45:57,324 [INFO] Completed phases: 0/4
2026-05-01 19:45:57,324 [INFO] Total time: 0:00:00.008923
2026-05-01 19:45:57,324 [INFO]   phase1_endgame_puzzles (v5.0): ❌ INCOMPLETE
2026-05-01 19:45:57,325 [INFO]   phase2_opening_theory (v5.1): ❌ INCOMPLETE
2026-05-01 19:45:57,325 [INFO]   phase3_master_games (v5.2): ❌ INCOMPLETE
2026-05-01 19:45:57,325 [INFO]   phase4_positional (v5.3): ❌ INCOMPLETE
2026-05-01 19:45:57,325 [INFO] ================================================================================
2026-05-01 19:45:57,326 [WARNING] ⚠️  Some phases incomplete
2026-05-01 19:46:57,749 [INFO] ================================================================================
2026-05-01 19:46:57,750 [INFO] 🚀 V7P3R AI 48-Hour Training Orchestrator
2026-05-01 19:46:57,750 [INFO] ================================================================================
2026-05-01 19:46:57,751 [INFO] Start time: 2026-05-01 19:46:57.749485
2026-05-01 19:46:57,751 [INFO] Target duration: 2 days, 0:00:00
2026-05-01 19:46:57,752 [INFO] Auto-recover: True
2026-05-01 19:46:57,752 [INFO] TensorBoard: True
2026-05-01 19:46:57,773 [INFO] ================================================================================
2026-05-01 19:46:57,774 [INFO] 📊 TensorBoard started on http://0.0.0.0:6006
2026-05-01 19:46:57,774 [INFO] Loaded state: Phase 0
2026-05-01 19:46:57,775 [INFO] 🚀 Starting phase1_endgame_puzzles: Endgame expansion + themed puzzles
2026-05-01 19:46:57,776 [WARNING] Data source not found: endgame_pgns
2026-05-01 19:46:57,776 [INFO] Required data not available, running extraction...
2026-05-01 19:46:57,776 [INFO] Running data extraction for phase1_endgame_puzzles...
2026-05-01 19:46:57,777 [WARNING] Extraction script not found: scripts/extract_endgame_positions.py
2026-05-01 19:46:57,777 [WARNING] Extraction script not found: scripts/extract_themed_puzzles.py
2026-05-01 19:46:57,779 [ERROR] ❌ phase1_endgame_puzzles failed after 3 attempts
2026-05-01 19:46:57,780 [ERROR] Phase phase1_endgame_puzzles failed, stopping orchestration
2026-05-01 19:46:57,781 [INFO] ================================================================================
2026-05-01 19:46:57,781 [INFO] 📋 Training Summary
2026-05-01 19:46:57,781 [INFO] ================================================================================
2026-05-01 19:46:57,782 [INFO] Completed phases: 0/4
2026-05-01 19:46:57,782 [INFO] Total time: 0:00:00.032783
2026-05-01 19:46:57,782 [INFO]   phase1_endgame_puzzles (v5.0): ❌ INCOMPLETE
2026-05-01 19:46:57,782 [INFO]   phase2_opening_theory (v5.1): ❌ INCOMPLETE
2026-05-01 19:46:57,782 [INFO]   phase3_master_games (v5.2): ❌ INCOMPLETE
2026-05-01 19:46:57,783 [INFO]   phase4_positional (v5.3): ❌ INCOMPLETE
2026-05-01 19:46:57,783 [INFO] ================================================================================
2026-05-01 19:46:57,783 [WARNING] ⚠️  Some phases incomplete
2026-05-01 19:47:58,251 [INFO] ================================================================================
2026-05-01 19:47:58,252 [INFO] 🚀 V7P3R AI 48-Hour Training Orchestrator
2026-05-01 19:47:58,252 [INFO] ================================================================================
2026-05-01 19:47:58,252 [INFO] Start time: 2026-05-01 19:47:58.251401
2026-05-01 19:47:58,253 [INFO] Target duration: 2 days, 0:00:00
2026-05-01 19:47:58,253 [INFO] Auto-recover: True
2026-05-01 19:47:58,253 [INFO] TensorBoard: True
2026-05-01 19:47:58,254 [INFO] ================================================================================
2026-05-01 19:47:58,255 [INFO] 📊 TensorBoard started on http://0.0.0.0:6006
2026-05-01 19:47:58,255 [INFO] Loaded state: Phase 0
2026-05-01 19:47:58,255 [INFO] 🚀 Starting phase1_endgame_puzzles: Endgame expansion + themed puzzles
2026-05-01 19:47:58,256 [WARNING] Data source not found: endgame_pgns
2026-05-01 19:47:58,256 [INFO] Required data not available, running extraction...
2026-05-01 19:47:58,256 [INFO] Running data extraction for phase1_endgame_puzzles...
2026-05-01 19:47:58,256 [WARNING] Extraction script not found: scripts/extract_endgame_positions.py
2026-05-01 19:47:58,257 [WARNING] Extraction script not found: scripts/extract_themed_puzzles.py
2026-05-01 19:47:58,257 [ERROR] ❌ phase1_endgame_puzzles failed after 3 attempts
2026-05-01 19:47:58,258 [ERROR] Phase phase1_endgame_puzzles failed, stopping orchestration
2026-05-01 19:47:58,258 [INFO] ================================================================================
2026-05-01 19:47:58,258 [INFO] 📋 Training Summary
2026-05-01 19:47:58,258 [INFO] ================================================================================
2026-05-01 19:47:58,259 [INFO] Completed phases: 0/4
2026-05-01 19:47:58,259 [INFO] Total time: 0:00:00.007884
2026-05-01 19:47:58,259 [INFO]   phase1_endgame_puzzles (v5.0): ❌ INCOMPLETE
2026-05-01 19:47:58,259 [INFO]   phase2_opening_theory (v5.1): ❌ INCOMPLETE
2026-05-01 19:47:58,260 [INFO]   phase3_master_games (v5.2): ❌ INCOMPLETE
2026-05-01 19:47:58,260 [INFO]   phase4_positional (v5.3): ❌ INCOMPLETE
2026-05-01 19:47:58,260 [INFO] ================================================================================
2026-05-01 19:47:58,260 [WARNING] ⚠️  Some phases incomplete
2026-05-01 19:48:58,674 [INFO] ================================================================================
2026-05-01 19:48:58,675 [INFO] 🚀 V7P3R AI 48-Hour Training Orchestrator
2026-05-01 19:48:58,675 [INFO] ================================================================================
2026-05-01 19:48:58,675 [INFO] Start time: 2026-05-01 19:48:58.674528
2026-05-01 19:48:58,676 [INFO] Target duration: 2 days, 0:00:00
2026-05-01 19:48:58,676 [INFO] Auto-recover: True
2026-05-01 19:48:58,677 [INFO] TensorBoard: True
2026-05-01 19:48:58,677 [INFO] ================================================================================
2026-05-01 19:48:58,678 [INFO] 📊 TensorBoard started on http://0.0.0.0:6006
2026-05-01 19:48:58,679 [INFO] Loaded state: Phase 0
2026-05-01 19:48:58,679 [INFO] 🚀 Starting phase1_endgame_puzzles: Endgame expansion + themed puzzles
2026-05-01 19:48:58,680 [WARNING] Data source not found: endgame_pgns
2026-05-01 19:48:58,680 [INFO] Required data not available, running extraction...
2026-05-01 19:48:58,680 [INFO] Running data extraction for phase1_endgame_puzzles...
2026-05-01 19:48:58,680 [WARNING] Extraction script not found: scripts/extract_endgame_positions.py
2026-05-01 19:48:58,681 [WARNING] Extraction script not found: scripts/extract_themed_puzzles.py
2026-05-01 19:48:58,682 [ERROR] ❌ phase1_endgame_puzzles failed after 3 attempts
2026-05-01 19:48:58,682 [ERROR] Phase phase1_endgame_puzzles failed, stopping orchestration
2026-05-01 19:48:58,683 [INFO] ================================================================================
2026-05-01 19:48:58,683 [INFO] 📋 Training Summary
2026-05-01 19:48:58,683 [INFO] ================================================================================
2026-05-01 19:48:58,683 [INFO] Completed phases: 0/4
2026-05-01 19:48:58,684 [INFO] Total time: 0:00:00.009530
2026-05-01 19:48:58,684 [INFO]   phase1_endgame_puzzles (v5.0): ❌ INCOMPLETE
2026-05-01 19:48:58,684 [INFO]   phase2_opening_theory (v5.1): ❌ INCOMPLETE
2026-05-01 19:48:58,684 [INFO]   phase3_master_games (v5.2): ❌ INCOMPLETE
2026-05-01 19:48:58,684 [INFO]   phase4_positional (v5.3): ❌ INCOMPLETE
2026-05-01 19:48:58,685 [INFO] ================================================================================
2026-05-01 19:48:58,685 [WARNING] ⚠️  Some phases incomplete
2026-05-01 19:49:59,096 [INFO] ================================================================================
2026-05-01 19:49:59,097 [INFO] 🚀 V7P3R AI 48-Hour Training Orchestrator
2026-05-01 19:49:59,097 [INFO] ================================================================================
2026-05-01 19:49:59,097 [INFO] Start time: 2026-05-01 19:49:59.096377
2026-05-01 19:49:59,097 [INFO] Target duration: 2 days, 0:00:00
2026-05-01 19:49:59,098 [INFO] Auto-recover: True
2026-05-01 19:49:59,098 [INFO] TensorBoard: True
2026-05-01 19:49:59,098 [INFO] ================================================================================
2026-05-01 19:49:59,100 [INFO] 📊 TensorBoard started on http://0.0.0.0:6006
2026-05-01 19:49:59,100 [INFO] Loaded state: Phase 0
2026-05-01 19:49:59,101 [INFO] 🚀 Starting phase1_endgame_puzzles: Endgame expansion + themed puzzles
2026-05-01 19:49:59,102 [WARNING] Data source not found: endgame_pgns
2026-05-01 19:49:59,102 [INFO] Required data not available, running extraction...
2026-05-01 19:49:59,102 [INFO] Running data extraction for phase1_endgame_puzzles...
2026-05-01 19:49:59,103 [WARNING] Extraction script not found: scripts/extract_endgame_positions.py
2026-05-01 19:49:59,103 [WARNING] Extraction script not found: scripts/extract_themed_puzzles.py
2026-05-01 19:49:59,104 [ERROR] ❌ phase1_endgame_puzzles failed after 3 attempts
2026-05-01 19:49:59,104 [ERROR] Phase phase1_endgame_puzzles failed, stopping orchestration
2026-05-01 19:49:59,105 [INFO] ================================================================================
2026-05-01 19:49:59,105 [INFO] 📋 Training Summary
2026-05-01 19:49:59,161 [INFO] ================================================================================
2026-05-01 19:49:59,162 [INFO] Completed phases: 0/4
2026-05-01 19:49:59,162 [INFO] Total time: 0:00:00.066153
2026-05-01 19:49:59,162 [INFO]   phase1_endgame_puzzles (v5.0): ❌ INCOMPLETE
2026-05-01 19:49:59,163 [INFO]   phase2_opening_theory (v5.1): ❌ INCOMPLETE
2026-05-01 19:49:59,163 [INFO]   phase3_master_games (v5.2): ❌ INCOMPLETE
2026-05-01 19:49:59,163 [INFO]   phase4_positional (v5.3): ❌ INCOMPLETE
2026-05-01 19:49:59,164 [INFO] ================================================================================
2026-05-01 19:49:59,164 [WARNING] ⚠️  Some phases incomplete
2026-05-01 19:50:59,557 [INFO] ================================================================================
2026-05-01 19:50:59,557 [INFO] 🚀 V7P3R AI 48-Hour Training Orchestrator
2026-05-01 19:50:59,558 [INFO] ================================================================================
2026-05-01 19:50:59,558 [INFO] Start time: 2026-05-01 19:50:59.557125
2026-05-01 19:50:59,559 [INFO] Target duration: 2 days, 0:00:00
2026-05-01 19:50:59,559 [INFO] Auto-recover: True
2026-05-01 19:50:59,559 [INFO] TensorBoard: True
2026-05-01 19:50:59,559 [INFO] ================================================================================
2026-05-01 19:50:59,560 [INFO] 📊 TensorBoard started on http://0.0.0.0:6006
2026-05-01 19:50:59,560 [INFO] Loaded state: Phase 0
2026-05-01 19:50:59,561 [INFO] 🚀 Starting phase1_endgame_puzzles: Endgame expansion + themed puzzles
2026-05-01 19:50:59,561 [WARNING] Data source not found: endgame_pgns
2026-05-01 19:50:59,562 [INFO] Required data not available, running extraction...
2026-05-01 19:50:59,562 [INFO] Running data extraction for phase1_endgame_puzzles...
2026-05-01 19:50:59,562 [WARNING] Extraction script not found: scripts/extract_endgame_positions.py
2026-05-01 19:50:59,562 [WARNING] Extraction script not found: scripts/extract_themed_puzzles.py
2026-05-01 19:50:59,563 [ERROR] ❌ phase1_endgame_puzzles failed after 3 attempts
2026-05-01 19:50:59,564 [ERROR] Phase phase1_endgame_puzzles failed, stopping orchestration
2026-05-01 19:50:59,564 [INFO] ================================================================================
2026-05-01 19:50:59,564 [INFO] 📋 Training Summary
2026-05-01 19:50:59,564 [INFO] ================================================================================
2026-05-01 19:50:59,565 [INFO] Completed phases: 0/4
2026-05-01 19:50:59,565 [INFO] Total time: 0:00:00.008196
2026-05-01 19:50:59,565 [INFO]   phase1_endgame_puzzles (v5.0): ❌ INCOMPLETE
2026-05-01 19:50:59,565 [INFO]   phase2_opening_theory (v5.1): ❌ INCOMPLETE
2026-05-01 19:50:59,566 [INFO]   phase3_master_games (v5.2): ❌ INCOMPLETE
2026-05-01 19:50:59,566 [INFO]   phase4_positional (v5.3): ❌ INCOMPLETE
2026-05-01 19:50:59,567 [INFO] ================================================================================
2026-05-01 19:50:59,567 [WARNING] ⚠️  Some phases incomplete
2026-05-01 19:51:59,957 [INFO] ================================================================================
2026-05-01 19:51:59,957 [INFO] 🚀 V7P3R AI 48-Hour Training Orchestrator
2026-05-01 19:51:59,957 [INFO] ================================================================================
2026-05-01 19:51:59,958 [INFO] Start time: 2026-05-01 19:51:59.957015
2026-05-01 19:51:59,958 [INFO] Target duration: 2 days, 0:00:00
2026-05-01 19:51:59,959 [INFO] Auto-recover: True
2026-05-01 19:51:59,959 [INFO] TensorBoard: True
2026-05-01 19:51:59,960 [INFO] ================================================================================
2026-05-01 19:51:59,960 [INFO] 📊 TensorBoard started on http://0.0.0.0:6006
2026-05-01 19:51:59,961 [INFO] Loaded state: Phase 0
2026-05-01 19:51:59,961 [INFO] 🚀 Starting phase1_endgame_puzzles: Endgame expansion + themed puzzles
2026-05-01 19:51:59,961 [WARNING] Data source not found: endgame_pgns
2026-05-01 19:51:59,962 [INFO] Required data not available, running extraction...
2026-05-01 19:51:59,962 [INFO] Running data extraction for phase1_endgame_puzzles...
2026-05-01 19:51:59,962 [WARNING] Extraction script not found: scripts/extract_endgame_positions.py
2026-05-01 19:51:59,962 [WARNING] Extraction script not found: scripts/extract_themed_puzzles.py
2026-05-01 19:51:59,963 [ERROR] ❌ phase1_endgame_puzzles failed after 3 attempts
2026-05-01 19:51:59,963 [ERROR] Phase phase1_endgame_puzzles failed, stopping orchestration
2026-05-01 19:51:59,964 [INFO] ================================================================================
2026-05-01 19:51:59,964 [INFO] 📋 Training Summary
2026-05-01 19:51:59,964 [INFO] ================================================================================
2026-05-01 19:51:59,964 [INFO] Completed phases: 0/4
2026-05-01 19:51:59,964 [INFO] Total time: 0:00:00.007778
2026-05-01 19:51:59,964 [INFO]   phase1_endgame_puzzles (v5.0): ❌ INCOMPLETE
2026-05-01 19:51:59,965 [INFO]   phase2_opening_theory (v5.1): ❌ INCOMPLETE
2026-05-01 19:51:59,965 [INFO]   phase3_master_games (v5.2): ❌ INCOMPLETE
2026-05-01 19:51:59,965 [INFO]   phase4_positional (v5.3): ❌ INCOMPLETE
2026-05-01 19:51:59,965 [INFO] ================================================================================
2026-05-01 19:51:59,965 [WARNING] ⚠️  Some phases incomplete
2026-05-01 19:53:00,414 [INFO] ================================================================================
2026-05-01 19:53:00,415 [INFO] 🚀 V7P3R AI 48-Hour Training Orchestrator
2026-05-01 19:53:00,415 [INFO] ================================================================================
2026-05-01 19:53:00,415 [INFO] Start time: 2026-05-01 19:53:00.414781
2026-05-01 19:53:00,415 [INFO] Target duration: 2 days, 0:00:00
2026-05-01 19:53:00,415 [INFO] Auto-recover: True
2026-05-01 19:53:00,416 [INFO] TensorBoard: True
2026-05-01 19:53:00,416 [INFO] ================================================================================
2026-05-01 19:53:00,416 [INFO] 📊 TensorBoard started on http://0.0.0.0:6006
2026-05-01 19:53:00,417 [INFO] Loaded state: Phase 0
2026-05-01 19:53:00,417 [INFO] 🚀 Starting phase1_endgame_puzzles: Endgame expansion + themed puzzles
2026-05-01 19:53:00,417 [WARNING] Data source not found: endgame_pgns
2026-05-01 19:53:00,418 [INFO] Required data not available, running extraction...
2026-05-01 19:53:00,418 [INFO] Running data extraction for phase1_endgame_puzzles...
2026-05-01 19:53:00,418 [WARNING] Extraction script not found: scripts/extract_endgame_positions.py
2026-05-01 19:53:00,419 [WARNING] Extraction script not found: scripts/extract_themed_puzzles.py
2026-05-01 19:53:00,420 [ERROR] ❌ phase1_endgame_puzzles failed after 3 attempts
2026-05-01 19:53:00,421 [ERROR] Phase phase1_endgame_puzzles failed, stopping orchestration
2026-05-01 19:53:00,421 [INFO] ================================================================================
2026-05-01 19:53:00,421 [INFO] 📋 Training Summary
2026-05-01 19:53:00,421 [INFO] ================================================================================
2026-05-01 19:53:00,421 [INFO] Completed phases: 0/4
2026-05-01 19:53:00,422 [INFO] Total time: 0:00:00.007283
2026-05-01 19:53:00,422 [INFO]   phase1_endgame_puzzles (v5.0): ❌ INCOMPLETE
2026-05-01 19:53:00,422 [INFO]   phase2_opening_theory (v5.1): ❌ INCOMPLETE
2026-05-01 19:53:00,422 [INFO]   phase3_master_games (v5.2): ❌ INCOMPLETE
2026-05-01 19:53:00,422 [INFO]   phase4_positional (v5.3): ❌ INCOMPLETE
2026-05-01 19:53:00,423 [INFO] ================================================================================
2026-05-01 19:53:00,423 [WARNING] ⚠️  Some phases incomplete
2026-05-01 19:54:00,857 [INFO] ================================================================================
2026-05-01 19:54:00,859 [INFO] 🚀 V7P3R AI 48-Hour Training Orchestrator
2026-05-01 19:54:00,859 [INFO] ================================================================================
2026-05-01 19:54:00,860 [INFO] Start time: 2026-05-01 19:54:00.857653
2026-05-01 19:54:00,908 [INFO] Target duration: 2 days, 0:00:00
2026-05-01 19:54:00,909 [INFO] Auto-recover: True
2026-05-01 19:54:00,909 [INFO] TensorBoard: True
2026-05-01 19:54:00,910 [INFO] ================================================================================
2026-05-01 19:54:00,910 [INFO] 📊 TensorBoard started on http://0.0.0.0:6006
2026-05-01 19:54:00,911 [INFO] Loaded state: Phase 0
2026-05-01 19:54:00,911 [INFO] 🚀 Starting phase1_endgame_puzzles: Endgame expansion + themed puzzles
2026-05-01 19:54:00,912 [WARNING] Data source not found: endgame_pgns
2026-05-01 19:54:00,912 [INFO] Required data not available, running extraction...
2026-05-01 19:54:00,912 [INFO] Running data extraction for phase1_endgame_puzzles...
2026-05-01 19:54:00,912 [WARNING] Extraction script not found: scripts/extract_endgame_positions.py
2026-05-01 19:54:00,913 [WARNING] Extraction script not found: scripts/extract_themed_puzzles.py
2026-05-01 19:54:00,914 [ERROR] ❌ phase1_endgame_puzzles failed after 3 attempts
2026-05-01 19:54:00,914 [ERROR] Phase phase1_endgame_puzzles failed, stopping orchestration
2026-05-01 19:54:00,915 [INFO] ================================================================================
2026-05-01 19:54:00,915 [INFO] 📋 Training Summary
2026-05-01 19:54:00,915 [INFO] ================================================================================
2026-05-01 19:54:00,915 [INFO] Completed phases: 0/4
2026-05-01 19:54:00,915 [INFO] Total time: 0:00:00.058185
2026-05-01 19:54:00,916 [INFO]   phase1_endgame_puzzles (v5.0): ❌ INCOMPLETE
2026-05-01 19:54:00,916 [INFO]   phase2_opening_theory (v5.1): ❌ INCOMPLETE
2026-05-01 19:54:00,916 [INFO]   phase3_master_games (v5.2): ❌ INCOMPLETE
2026-05-01 19:54:00,916 [INFO]   phase4_positional (v5.3): ❌ INCOMPLETE
2026-05-01 19:54:00,916 [INFO] ================================================================================
2026-05-01 19:54:00,916 [WARNING] ⚠️  Some phases incomplete
2026-05-01 19:55:01,361 [INFO] ================================================================================
2026-05-01 19:55:01,361 [INFO] 🚀 V7P3R AI 48-Hour Training Orchestrator
2026-05-01 19:55:01,362 [INFO] ================================================================================
2026-05-01 19:55:01,362 [INFO] Start time: 2026-05-01 19:55:01.361060
2026-05-01 19:55:01,363 [INFO] Target duration: 2 days, 0:00:00
2026-05-01 19:55:01,363 [INFO] Auto-recover: True
2026-05-01 19:55:01,363 [INFO] TensorBoard: True
2026-05-01 19:55:01,364 [INFO] ================================================================================
2026-05-01 19:55:01,365 [INFO] 📊 TensorBoard started on http://0.0.0.0:6006
2026-05-01 19:55:01,365 [INFO] Loaded state: Phase 0
2026-05-01 19:55:01,365 [INFO] 🚀 Starting phase1_endgame_puzzles: Endgame expansion + themed puzzles
2026-05-01 19:55:01,366 [WARNING] Data source not found: endgame_pgns
2026-05-01 19:55:01,366 [INFO] Required data not available, running extraction...
2026-05-01 19:55:01,366 [INFO] Running data extraction for phase1_endgame_puzzles...
2026-05-01 19:55:01,367 [WARNING] Extraction script not found: scripts/extract_endgame_positions.py
2026-05-01 19:55:01,367 [WARNING] Extraction script not found: scripts/extract_themed_puzzles.py
2026-05-01 19:55:01,369 [ERROR] ❌ phase1_endgame_puzzles failed after 3 attempts
2026-05-01 19:55:01,369 [ERROR] Phase phase1_endgame_puzzles failed, stopping orchestration
2026-05-01 19:55:01,369 [INFO] ================================================================================
2026-05-01 19:55:01,369 [INFO] 📋 Training Summary
2026-05-01 19:55:01,369 [INFO] ================================================================================
2026-05-01 19:55:01,370 [INFO] Completed phases: 0/4
2026-05-01 19:55:01,370 [INFO] Total time: 0:00:00.009155
2026-05-01 19:55:01,370 [INFO]   phase1_endgame_puzzles (v5.0): ❌ INCOMPLETE
2026-05-01 19:55:01,370 [INFO]   phase2_opening_theory (v5.1): ❌ INCOMPLETE
2026-05-01 19:55:01,370 [INFO]   phase3_master_games (v5.2): ❌ INCOMPLETE
2026-05-01 19:55:01,371 [INFO]   phase4_positional (v5.3): ❌ INCOMPLETE
2026-05-01 19:55:01,371 [INFO] ================================================================================
2026-05-01 19:55:01,371 [WARNING] ⚠️  Some phases incomplete
2026-05-01 19:56:01,752 [INFO] ================================================================================
2026-05-01 19:56:01,753 [INFO] 🚀 V7P3R AI 48-Hour Training Orchestrator
2026-05-01 19:56:01,753 [INFO] ================================================================================
2026-05-01 19:56:01,754 [INFO] Start time: 2026-05-01 19:56:01.752700
2026-05-01 19:56:01,754 [INFO] Target duration: 2 days, 0:00:00
2026-05-01 19:56:01,754 [INFO] Auto-recover: True
2026-05-01 19:56:01,755 [INFO] TensorBoard: True
2026-05-01 19:56:01,755 [INFO] ================================================================================
2026-05-01 19:56:01,756 [INFO] 📊 TensorBoard started on http://0.0.0.0:6006
2026-05-01 19:56:01,756 [INFO] Loaded state: Phase 0
2026-05-01 19:56:01,757 [INFO] 🚀 Starting phase1_endgame_puzzles: Endgame expansion + themed puzzles
2026-05-01 19:56:01,758 [WARNING] Data source not found: endgame_pgns
2026-05-01 19:56:01,758 [INFO] Required data not available, running extraction...
2026-05-01 19:56:01,758 [INFO] Running data extraction for phase1_endgame_puzzles...
2026-05-01 19:56:01,758 [WARNING] Extraction script not found: scripts/extract_endgame_positions.py
2026-05-01 19:56:01,759 [WARNING] Extraction script not found: scripts/extract_themed_puzzles.py
2026-05-01 19:56:01,761 [ERROR] ❌ phase1_endgame_puzzles failed after 3 attempts
2026-05-01 19:56:01,761 [ERROR] Phase phase1_endgame_puzzles failed, stopping orchestration
2026-05-01 19:56:01,761 [INFO] ================================================================================
2026-05-01 19:56:01,761 [INFO] 📋 Training Summary
2026-05-01 19:56:01,762 [INFO] ================================================================================
2026-05-01 19:56:01,762 [INFO] Completed phases: 0/4
2026-05-01 19:56:01,762 [INFO] Total time: 0:00:00.009784
2026-05-01 19:56:01,762 [INFO]   phase1_endgame_puzzles (v5.0): ❌ INCOMPLETE
2026-05-01 19:56:01,762 [INFO]   phase2_opening_theory (v5.1): ❌ INCOMPLETE
2026-05-01 19:56:01,763 [INFO]   phase3_master_games (v5.2): ❌ INCOMPLETE
2026-05-01 19:56:01,763 [INFO]   phase4_positional (v5.3): ❌ INCOMPLETE
2026-05-01 19:56:01,763 [INFO] ================================================================================
2026-05-01 19:56:01,763 [WARNING] ⚠️  Some phases incomplete
2026-05-01 19:57:02,157 [INFO] ================================================================================
2026-05-01 19:57:02,157 [INFO] 🚀 V7P3R AI 48-Hour Training Orchestrator
2026-05-01 19:57:02,158 [INFO] ================================================================================
2026-05-01 19:57:02,158 [INFO] Start time: 2026-05-01 19:57:02.157302
2026-05-01 19:57:02,159 [INFO] Target duration: 2 days, 0:00:00
2026-05-01 19:57:02,159 [INFO] Auto-recover: True
2026-05-01 19:57:02,159 [INFO] TensorBoard: True
2026-05-01 19:57:02,160 [INFO] ================================================================================
2026-05-01 19:57:02,161 [INFO] 📊 TensorBoard started on http://0.0.0.0:6006
2026-05-01 19:57:02,162 [INFO] Loaded state: Phase 0
2026-05-01 19:57:02,163 [INFO] 🚀 Starting phase1_endgame_puzzles: Endgame expansion + themed puzzles
2026-05-01 19:57:02,164 [WARNING] Data source not found: endgame_pgns
2026-05-01 19:57:02,164 [INFO] Required data not available, running extraction...
2026-05-01 19:57:02,165 [INFO] Running data extraction for phase1_endgame_puzzles...
2026-05-01 19:57:02,165 [WARNING] Extraction script not found: scripts/extract_endgame_positions.py
2026-05-01 19:57:02,165 [WARNING] Extraction script not found: scripts/extract_themed_puzzles.py
2026-05-01 19:57:02,167 [ERROR] ❌ phase1_endgame_puzzles failed after 3 attempts
2026-05-01 19:57:02,168 [ERROR] Phase phase1_endgame_puzzles failed, stopping orchestration
2026-05-01 19:57:02,189 [INFO] ================================================================================
2026-05-01 19:57:02,190 [INFO] 📋 Training Summary
2026-05-01 19:57:02,190 [INFO] ================================================================================
2026-05-01 19:57:02,191 [INFO] Completed phases: 0/4
2026-05-01 19:57:02,191 [INFO] Total time: 0:00:00.034354
2026-05-01 19:57:02,192 [INFO]   phase1_endgame_puzzles (v5.0): ❌ INCOMPLETE
2026-05-01 19:57:02,192 [INFO]   phase2_opening_theory (v5.1): ❌ INCOMPLETE
2026-05-01 19:57:02,192 [INFO]   phase3_master_games (v5.2): ❌ INCOMPLETE
2026-05-01 19:57:02,193 [INFO]   phase4_positional (v5.3): ❌ INCOMPLETE
2026-05-01 19:57:02,193 [INFO] ================================================================================
2026-05-01 19:57:02,193 [WARNING] ⚠️  Some phases incomplete
2026-05-01 19:58:02,612 [INFO] ================================================================================
2026-05-01 19:58:02,612 [INFO] 🚀 V7P3R AI 48-Hour Training Orchestrator
2026-05-01 19:58:02,613 [INFO] ================================================================================
2026-05-01 19:58:02,613 [INFO] Start time: 2026-05-01 19:58:02.612008
2026-05-01 19:58:02,614 [INFO] Target duration: 2 days, 0:00:00
2026-05-01 19:58:02,614 [INFO] Auto-recover: True
2026-05-01 19:58:02,615 [INFO] TensorBoard: True
2026-05-01 19:58:02,615 [INFO] ================================================================================
2026-05-01 19:58:02,616 [INFO] 📊 TensorBoard started on http://0.0.0.0:6006
2026-05-01 19:58:02,617 [INFO] Loaded state: Phase 0
2026-05-01 19:58:02,617 [INFO] 🚀 Starting phase1_endgame_puzzles: Endgame expansion + themed puzzles
2026-05-01 19:58:02,618 [WARNING] Data source not found: endgame_pgns
2026-05-01 19:58:02,618 [INFO] Required data not available, running extraction...
2026-05-01 19:58:02,618 [INFO] Running data extraction for phase1_endgame_puzzles...
2026-05-01 19:58:02,619 [WARNING] Extraction script not found: scripts/extract_endgame_positions.py
2026-05-01 19:58:02,619 [WARNING] Extraction script not found: scripts/extract_themed_puzzles.py
2026-05-01 19:58:02,620 [ERROR] ❌ phase1_endgame_puzzles failed after 3 attempts
2026-05-01 19:58:02,620 [ERROR] Phase phase1_endgame_puzzles failed, stopping orchestration
2026-05-01 19:58:02,620 [INFO] ================================================================================
2026-05-01 19:58:02,621 [INFO] 📋 Training Summary
2026-05-01 19:58:02,621 [INFO] ================================================================================
2026-05-01 19:58:02,621 [INFO] Completed phases: 0/4
2026-05-01 19:58:02,621 [INFO] Total time: 0:00:00.009579
2026-05-01 19:58:02,621 [INFO]   phase1_endgame_puzzles (v5.0): ❌ INCOMPLETE
2026-05-01 19:58:02,621 [INFO]   phase2_opening_theory (v5.1): ❌ INCOMPLETE
2026-05-01 19:58:02,622 [INFO]   phase3_master_games (v5.2): ❌ INCOMPLETE
2026-05-01 19:58:02,622 [INFO]   phase4_positional (v5.3): ❌ INCOMPLETE
2026-05-01 19:58:02,622 [INFO] ================================================================================
2026-05-01 19:58:02,622 [WARNING] ⚠️  Some phases incomplete
2026-05-01 19:59:03,042 [INFO] ================================================================================
2026-05-01 19:59:03,042 [INFO] 🚀 V7P3R AI 48-Hour Training Orchestrator
2026-05-01 19:59:03,043 [INFO] ================================================================================
2026-05-01 19:59:03,043 [INFO] Start time: 2026-05-01 19:59:03.042048
2026-05-01 19:59:03,044 [INFO] Target duration: 2 days, 0:00:00
2026-05-01 19:59:03,044 [INFO] Auto-recover: True
2026-05-01 19:59:03,044 [INFO] TensorBoard: True
2026-05-01 19:59:03,044 [INFO] ================================================================================
2026-05-01 19:59:03,045 [INFO] 📊 TensorBoard started on http://0.0.0.0:6006
2026-05-01 19:59:03,046 [INFO] Loaded state: Phase 0
2026-05-01 19:59:03,046 [INFO] 🚀 Starting phase1_endgame_puzzles: Endgame expansion + themed puzzles
2026-05-01 19:59:03,047 [WARNING] Data source not found: endgame_pgns
2026-05-01 19:59:03,047 [INFO] Required data not available, running extraction...
2026-05-01 19:59:03,048 [INFO] Running data extraction for phase1_endgame_puzzles...
2026-05-01 19:59:03,048 [WARNING] Extraction script not found: scripts/extract_endgame_positions.py
2026-05-01 19:59:03,049 [WARNING] Extraction script not found: scripts/extract_themed_puzzles.py
2026-05-01 19:59:03,051 [ERROR] ❌ phase1_endgame_puzzles failed after 3 attempts
2026-05-01 19:59:03,051 [ERROR] Phase phase1_endgame_puzzles failed, stopping orchestration
2026-05-01 19:59:03,052 [INFO] ================================================================================
2026-05-01 19:59:03,052 [INFO] 📋 Training Summary
2026-05-01 19:59:03,052 [INFO] ================================================================================
2026-05-01 19:59:03,052 [INFO] Completed phases: 0/4
2026-05-01 19:59:03,053 [INFO] Total time: 0:00:00.011031
2026-05-01 19:59:03,053 [INFO]   phase1_endgame_puzzles (v5.0): ❌ INCOMPLETE
2026-05-01 19:59:03,053 [INFO]   phase2_opening_theory (v5.1): ❌ INCOMPLETE
2026-05-01 19:59:03,053 [INFO]   phase3_master_games (v5.2): ❌ INCOMPLETE
2026-05-01 19:59:03,054 [INFO]   phase4_positional (v5.3): ❌ INCOMPLETE
2026-05-01 19:59:03,054 [INFO] ================================================================================
2026-05-01 19:59:03,054 [WARNING] ⚠️  Some phases incomplete
2026-05-01 20:00:03,473 [INFO] ================================================================================
2026-05-01 20:00:03,474 [INFO] 🚀 V7P3R AI 48-Hour Training Orchestrator
2026-05-01 20:00:03,474 [INFO] ================================================================================
2026-05-01 20:00:03,475 [INFO] Start time: 2026-05-01 20:00:03.473619
2026-05-01 20:00:03,475 [INFO] Target duration: 2 days, 0:00:00
2026-05-01 20:00:03,476 [INFO] Auto-recover: True
2026-05-01 20:00:03,476 [INFO] TensorBoard: True
2026-05-01 20:00:03,476 [INFO] ================================================================================
2026-05-01 20:00:03,477 [INFO] 📊 TensorBoard started on http://0.0.0.0:6006
2026-05-01 20:00:03,477 [INFO] Loaded state: Phase 0
2026-05-01 20:00:03,478 [INFO] 🚀 Starting phase1_endgame_puzzles: Endgame expansion + themed puzzles
2026-05-01 20:00:03,478 [WARNING] Data source not found: endgame_pgns
2026-05-01 20:00:03,478 [INFO] Required data not available, running extraction...
2026-05-01 20:00:03,478 [INFO] Running data extraction for phase1_endgame_puzzles...
2026-05-01 20:00:03,479 [WARNING] Extraction script not found: scripts/extract_endgame_positions.py
2026-05-01 20:00:03,479 [WARNING] Extraction script not found: scripts/extract_themed_puzzles.py
2026-05-01 20:00:03,480 [ERROR] ❌ phase1_endgame_puzzles failed after 3 attempts
2026-05-01 20:00:03,480 [ERROR] Phase phase1_endgame_puzzles failed, stopping orchestration
2026-05-01 20:00:03,480 [INFO] ================================================================================
2026-05-01 20:00:03,481 [INFO] 📋 Training Summary
2026-05-01 20:00:03,481 [INFO] ================================================================================
2026-05-01 20:00:03,481 [INFO] Completed phases: 0/4
2026-05-01 20:00:03,481 [INFO] Total time: 0:00:00.008316
2026-05-01 20:00:03,482 [INFO]   phase1_endgame_puzzles (v5.0): ❌ INCOMPLETE
2026-05-01 20:00:03,482 [INFO]   phase2_opening_theory (v5.1): ❌ INCOMPLETE
2026-05-01 20:00:03,482 [INFO]   phase3_master_games (v5.2): ❌ INCOMPLETE
2026-05-01 20:00:03,482 [INFO]   phase4_positional (v5.3): ❌ INCOMPLETE
2026-05-01 20:00:03,483 [INFO] ================================================================================
2026-05-01 20:00:03,483 [WARNING] ⚠️  Some phases incomplete
2026-05-01 20:01:03,988 [INFO] ================================================================================
2026-05-01 20:01:03,989 [INFO] 🚀 V7P3R AI 48-Hour Training Orchestrator
2026-05-01 20:01:03,989 [INFO] ================================================================================
2026-05-01 20:01:04,039 [INFO] Start time: 2026-05-01 20:01:03.988737
2026-05-01 20:01:04,039 [INFO] Target duration: 2 days, 0:00:00
2026-05-01 20:01:04,040 [INFO] Auto-recover: True
2026-05-01 20:01:04,040 [INFO] TensorBoard: True
2026-05-01 20:01:04,040 [INFO] ================================================================================
2026-05-01 20:01:04,041 [INFO] 📊 TensorBoard started on http://0.0.0.0:6006
2026-05-01 20:01:04,041 [INFO] Loaded state: Phase 0
2026-05-01 20:01:04,042 [INFO] 🚀 Starting phase1_endgame_puzzles: Endgame expansion + themed puzzles
2026-05-01 20:01:04,042 [WARNING] Data source not found: endgame_pgns
2026-05-01 20:01:04,042 [INFO] Required data not available, running extraction...
2026-05-01 20:01:04,043 [INFO] Running data extraction for phase1_endgame_puzzles...
2026-05-01 20:01:04,043 [WARNING] Extraction script not found: scripts/extract_endgame_positions.py
2026-05-01 20:01:04,043 [WARNING] Extraction script not found: scripts/extract_themed_puzzles.py
2026-05-01 20:01:04,046 [ERROR] ❌ phase1_endgame_puzzles failed after 3 attempts
2026-05-01 20:01:04,046 [ERROR] Phase phase1_endgame_puzzles failed, stopping orchestration
2026-05-01 20:01:04,046 [INFO] ================================================================================
2026-05-01 20:01:04,047 [INFO] 📋 Training Summary
2026-05-01 20:01:04,047 [INFO] ================================================================================
2026-05-01 20:01:04,047 [INFO] Completed phases: 0/4
2026-05-01 20:01:04,047 [INFO] Total time: 0:00:00.058975
2026-05-01 20:01:04,047 [INFO]   phase1_endgame_puzzles (v5.0): ❌ INCOMPLETE
2026-05-01 20:01:04,048 [INFO]   phase2_opening_theory (v5.1): ❌ INCOMPLETE
2026-05-01 20:01:04,048 [INFO]   phase3_master_games (v5.2): ❌ INCOMPLETE
2026-05-01 20:01:04,048 [INFO]   phase4_positional (v5.3): ❌ INCOMPLETE
2026-05-01 20:01:04,048 [INFO] ================================================================================
2026-05-01 20:01:04,048 [WARNING] ⚠️  Some phases incomplete
2026-05-01 20:02:04,472 [INFO] ================================================================================
2026-05-01 20:02:04,473 [INFO] 🚀 V7P3R AI 48-Hour Training Orchestrator
2026-05-01 20:02:04,473 [INFO] ================================================================================
2026-05-01 20:02:04,473 [INFO] Start time: 2026-05-01 20:02:04.472545
2026-05-01 20:02:04,474 [INFO] Target duration: 2 days, 0:00:00
2026-05-01 20:02:04,474 [INFO] Auto-recover: True
2026-05-01 20:02:04,474 [INFO] TensorBoard: True
2026-05-01 20:02:04,475 [INFO] ================================================================================
2026-05-01 20:02:04,476 [INFO] 📊 TensorBoard started on http://0.0.0.0:6006
2026-05-01 20:02:04,476 [INFO] Loaded state: Phase 0
2026-05-01 20:02:04,476 [INFO] 🚀 Starting phase1_endgame_puzzles: Endgame expansion + themed puzzles
2026-05-01 20:02:04,477 [WARNING] Data source not found: endgame_pgns
2026-05-01 20:02:04,477 [INFO] Required data not available, running extraction...
2026-05-01 20:02:04,477 [INFO] Running data extraction for phase1_endgame_puzzles...
2026-05-01 20:02:04,478 [WARNING] Extraction script not found: scripts/extract_endgame_positions.py
2026-05-01 20:02:04,478 [WARNING] Extraction script not found: scripts/extract_themed_puzzles.py
2026-05-01 20:02:04,479 [ERROR] ❌ phase1_endgame_puzzles failed after 3 attempts
2026-05-01 20:02:04,480 [ERROR] Phase phase1_endgame_puzzles failed, stopping orchestration
2026-05-01 20:02:04,480 [INFO] ================================================================================
2026-05-01 20:02:04,480 [INFO] 📋 Training Summary
2026-05-01 20:02:04,480 [INFO] ================================================================================
2026-05-01 20:02:04,480 [INFO] Completed phases: 0/4
2026-05-01 20:02:04,481 [INFO] Total time: 0:00:00.008484
2026-05-01 20:02:04,481 [INFO]   phase1_endgame_puzzles (v5.0): ❌ INCOMPLETE
2026-05-01 20:02:04,481 [INFO]   phase2_opening_theory (v5.1): ❌ INCOMPLETE
2026-05-01 20:02:04,481 [INFO]   phase3_master_games (v5.2): ❌ INCOMPLETE
2026-05-01 20:02:04,481 [INFO]   phase4_positional (v5.3): ❌ INCOMPLETE
2026-05-01 20:02:04,482 [INFO] ================================================================================
2026-05-01 20:02:04,482 [WARNING] ⚠️  Some phases incomplete
2026-05-01 20:03:04,885 [INFO] ================================================================================
2026-05-01 20:03:04,885 [INFO] 🚀 V7P3R AI 48-Hour Training Orchestrator
2026-05-01 20:03:04,885 [INFO] ================================================================================
2026-05-01 20:03:04,886 [INFO] Start time: 2026-05-01 20:03:04.885050
2026-05-01 20:03:04,886 [INFO] Target duration: 2 days, 0:00:00
2026-05-01 20:03:04,887 [INFO] Auto-recover: True
2026-05-01 20:03:04,887 [INFO] TensorBoard: True
2026-05-01 20:03:04,888 [INFO] ================================================================================
2026-05-01 20:03:04,889 [INFO] 📊 TensorBoard started on http://0.0.0.0:6006
2026-05-01 20:03:04,890 [INFO] Loaded state: Phase 0
2026-05-01 20:03:04,890 [INFO] 🚀 Starting phase1_endgame_puzzles: Endgame expansion + themed puzzles
2026-05-01 20:03:04,891 [WARNING] Data source not found: endgame_pgns
2026-05-01 20:03:04,891 [INFO] Required data not available, running extraction...
2026-05-01 20:03:04,892 [INFO] Running data extraction for phase1_endgame_puzzles...
2026-05-01 20:03:04,892 [WARNING] Extraction script not found: scripts/extract_endgame_positions.py
2026-05-01 20:03:04,892 [WARNING] Extraction script not found: scripts/extract_themed_puzzles.py
2026-05-01 20:03:04,894 [ERROR] ❌ phase1_endgame_puzzles failed after 3 attempts
2026-05-01 20:03:04,894 [ERROR] Phase phase1_endgame_puzzles failed, stopping orchestration
2026-05-01 20:03:04,894 [INFO] ================================================================================
2026-05-01 20:03:04,894 [INFO] 📋 Training Summary
2026-05-01 20:03:04,895 [INFO] ================================================================================
2026-05-01 20:03:04,895 [INFO] Completed phases: 0/4
2026-05-01 20:03:04,895 [INFO] Total time: 0:00:00.010840
2026-05-01 20:03:04,896 [INFO]   phase1_endgame_puzzles (v5.0): ❌ INCOMPLETE
2026-05-01 20:03:04,896 [INFO]   phase2_opening_theory (v5.1): ❌ INCOMPLETE
2026-05-01 20:03:04,896 [INFO]   phase3_master_games (v5.2): ❌ INCOMPLETE
2026-05-01 20:03:04,896 [INFO]   phase4_positional (v5.3): ❌ INCOMPLETE
2026-05-01 20:03:04,897 [INFO] ================================================================================
2026-05-01 20:03:04,897 [WARNING] ⚠️  Some phases incomplete
2026-05-01 20:04:05,394 [INFO] ================================================================================
2026-05-01 20:04:05,395 [INFO] 🚀 V7P3R AI 48-Hour Training Orchestrator
2026-05-01 20:04:05,396 [INFO] ================================================================================
2026-05-01 20:04:05,396 [INFO] Start time: 2026-05-01 20:04:05.394755
2026-05-01 20:04:05,396 [INFO] Target duration: 2 days, 0:00:00
2026-05-01 20:04:05,396 [INFO] Auto-recover: True
2026-05-01 20:04:05,397 [INFO] TensorBoard: True
2026-05-01 20:04:05,397 [INFO] ================================================================================
2026-05-01 20:04:05,398 [INFO] 📊 TensorBoard started on http://0.0.0.0:6006
2026-05-01 20:04:05,398 [INFO] Loaded state: Phase 0
2026-05-01 20:04:05,398 [INFO] 🚀 Starting phase1_endgame_puzzles: Endgame expansion + themed puzzles
2026-05-01 20:04:05,399 [WARNING] Data source not found: endgame_pgns
2026-05-01 20:04:05,399 [INFO] Required data not available, running extraction...
2026-05-01 20:04:05,399 [INFO] Running data extraction for phase1_endgame_puzzles...
2026-05-01 20:04:05,400 [WARNING] Extraction script not found: scripts/extract_endgame_positions.py
2026-05-01 20:04:05,400 [WARNING] Extraction script not found: scripts/extract_themed_puzzles.py
2026-05-01 20:04:05,402 [ERROR] ❌ phase1_endgame_puzzles failed after 3 attempts
2026-05-01 20:04:05,843 [ERROR] Phase phase1_endgame_puzzles failed, stopping orchestration
2026-05-01 20:04:05,843 [INFO] ================================================================================
2026-05-01 20:04:05,843 [INFO] 📋 Training Summary
2026-05-01 20:04:05,844 [INFO] ================================================================================
2026-05-01 20:04:05,844 [INFO] Completed phases: 0/4
2026-05-01 20:04:05,844 [INFO] Total time: 0:00:00.449896
2026-05-01 20:04:05,845 [INFO]   phase1_endgame_puzzles (v5.0): ❌ INCOMPLETE
2026-05-01 20:04:05,845 [INFO]   phase2_opening_theory (v5.1): ❌ INCOMPLETE
2026-05-01 20:04:05,845 [INFO]   phase3_master_games (v5.2): ❌ INCOMPLETE
2026-05-01 20:04:05,845 [INFO]   phase4_positional (v5.3): ❌ INCOMPLETE
2026-05-01 20:04:05,846 [INFO] ================================================================================
2026-05-01 20:04:05,846 [WARNING] ⚠️  Some phases incomplete
